ID,種類,地域,市区町村コード,都道府県名,市区町村名,地区名,最寄駅：名称,最寄駅：距離（分）,間取り,面積（㎡）,土地の形状,間口,延床面積（㎡）,建築年,建物の構造,用途,今後の利用目的,前面道路：方位,前面道路：種類,前面道路：幅員（ｍ）,都市計画,建ぺい率（％）,容積率（％）,取引時点,改装,取引の事情等,取引価格（総額）_log
19005326,中古マンション等,,19201,山梨県,甲府市,丸の内,甲府,8,３ＬＤＫ,90,,,,2010年,ＲＣ,住宅,住宅,,,,商業,80.0,600.0,2015年第2四半期,未改装,,7.5910646070264995
19007039,中古マンション等,,19201,山梨県,甲府市,城東,甲府,26,２ＬＤＫ,60,,,,1993年,ＲＣ,住宅,,,,,２種住居,60.0,200.0,2009年第2四半期,改装済み,,6.919078092376074
19002759,中古マンション等,,19201,山梨県,甲府市,中央,甲府,19,３ＬＤＫ,65,,,,1989年,ＳＲＣ,住宅,,,,,商業,80.0,400.0,2018年第3四半期,改装済み,,6.778151250383644
19001537,中古マンション等,,19201,山梨県,甲府市,中央,金手,6,２ＤＫ,35,,,,1993年,鉄骨造,住宅,住宅,,,,商業,80.0,400.0,2023年第3四半期,,,6.431363764158987
19005206,中古マンション等,,19201,山梨県,甲府市,中央,甲府,15,３ＤＫ,55,,,,1975年,ＳＲＣ,住宅,住宅,,,,商業,80.0,400.0,2015年第1四半期,未改装,,6.505149978319906
19004129,中古マンション等,,19201,山梨県,甲府市,城東,南甲府,5,３ＬＤＫ,65,,,,1991年,ＲＣ,住宅,,,,,準工業,60.0,200.0,2010年第4四半期,未改装,,6.903089986991944
19006836,中古マンション等,,19201,山梨県,甲府市,青葉町,南甲府,9,３ＬＤＫ,75,,,,1991年,ＲＣ,住宅,,,,,準工業,60.0,200.0,2009年第1四半期,改装済み,,6.991226075692495
19000160,中古マンション等,,19201,山梨県,甲府市,朝日,甲府,7,１Ｋ,15,,,,1988年,ＳＲＣ,住宅,その他,,,,商業,80.0,400.0,2019年第1四半期,未改装,,6.230448921378274
19004264,中古マンション等,,19201,山梨県,甲府市,丸の内,甲府,8,３ＬＤＫ,75,,,,2010年,ＲＣ,住宅,,,,,商業,80.0,600.0,2010年第3四半期,,,7.3979400086720375
19000878,中古マンション等,,19201,山梨県,甲府市,国母,国母,4,４ＬＤＫ,90,,,,,ＲＣ,住宅,住宅,,,,１種住居,60.0,200.0,2021年第3四半期,未改装,,7.278753600952829
19001779,中古マンション等,,19201,山梨県,甲府市,富竹,甲府,30分～60分,３ＬＤＫ,75,,,,2007年,ＲＣ,住宅,住宅,,,,準住居,60.0,200.0,2020年第2四半期,改装済み,,7.278753600952829
19005573,中古マンション等,,19201,山梨県,甲府市,幸町,南甲府,8,,65,,,,,ＲＣ,住宅,住宅,,,,工業,,,2016年第3四半期,,,7.079181246047625
19004069,中古マンション等,,19201,山梨県,甲府市,若松町,甲府,21,２ＬＤＫ,65,,,,2006年,ＲＣ,住宅,住宅,,,,商業,80.0,400.0,2014年第2四半期,未改装,,7.3222192947339195
19004638,中古マンション等,,19201,山梨県,甲府市,城東,善光寺,5,２ＤＫ,45,,,,1991年,ＲＣ,住宅,,,,,準工業,60.0,200.0,2011年第3四半期,改装済み,,6.698970004336019
19007544,中古マンション等,,19201,山梨県,甲府市,酒折,酒折,11,４ＤＫ,60,,,,1993年,ＲＣ,住宅,,,,,調整区域,60.0,200.0,2008年第3四半期,未改装,,6.763427993562937
19000037,中古マンション等,,19201,山梨県,甲府市,相生,甲府,16,３ＬＤＫ,70,,,,2019年,ＲＣ,住宅,住宅,,,,商業,80.0,400.0,2020年第3四半期,未改装,,7.491361693834273
19004261,中古マンション等,,19201,山梨県,甲府市,丸の内,甲府,8,３ＬＤＫ,90,,,,2010年,ＳＲＣ,住宅,,,,,商業,80.0,600.0,2010年第3四半期,改装済み,,7.4623979978989565
19006484,中古マンション等,,19201,山梨県,甲府市,国母,甲斐住吉,23,３ＬＤＫ,75,,,,1998年,ＲＣ,住宅,,,,,１種住居,60.0,200.0,2013年第2四半期,改装済み,,7.0
19005855,中古マンション等,,19201,山梨県,甲府市,朝日,甲府,9,３ＬＤＫ,65,,,,2003年,ＲＣ,住宅,,,,,商業,80.0,400.0,2012年第4四半期,未改装,,7.230448921378274
19006996,中古マンション等,,19201,山梨県,甲府市,酒折,酒折,8,１ＤＫ,25,,,,1992年,ＲＣ,住宅,,,,,調整区域,60.0,200.0,2009年第4四半期,未改装,,6.204119982655925
19001103,中古マンション等,,19201,山梨県,甲府市,下石田,甲府,30分～60分,３ＬＤＫ,70,,,,1998年,ＲＣ,,住宅,,,,１種住居,60.0,200.0,2023年第1四半期,改装済み,,7.230448921378274
19005262,中古マンション等,,19201,山梨県,甲府市,青葉町,南甲府,6,３ＬＤＫ,70,,,,1991年,ＲＣ,住宅,住宅,,,,準工業,60.0,200.0,2016年第1四半期,未改装,,6.826074802700826
19000026,中古マンション等,,19201,山梨県,甲府市,相生,甲府,15,３ＬＤＫ,75,,,,2019年,ＲＣ,住宅,住宅,,,,商業,80.0,400.0,2021年第1四半期,,,7.477121254719663
19006845,中古マンション等,,19201,山梨県,甲府市,朝日,甲府,10,１Ｋ,15,,,,1988年,ＳＲＣ,住宅,,,,,商業,80.0,400.0,2009年第3四半期,未改装,,6.301029995663981
19005321,中古マンション等,,19201,山梨県,甲府市,丸の内,甲府,21,４ＬＤＫ,80,,,,2006年,ＲＣ,住宅,その他,,,,商業,80.0,400.0,2015年第3四半期,改装済み,,7.380211241711606
19006829,中古マンション等,,19201,山梨県,甲府市,青沼,南甲府,14,２ＬＤＫ,70,,,,2006年,ＲＣ,住宅,,,,,１種住居,60.0,200.0,2009年第2四半期,未改装,,7.204119982655925
19006443,中古マンション等,,19201,山梨県,甲府市,川田町,石和温泉,10,３ＬＤＫ,80,,,,1994年,ＲＣ,住宅,,,,,調整区域,70.0,400.0,2013年第4四半期,未改装,,6.929418925714293
19000691,中古マンション等,,19201,山梨県,甲府市,川田町,石和温泉,10,２ＬＤＫ,55,,,,1994年,ＳＲＣ,住宅,その他,,,,調整区域,70.0,400.0,2023年第2四半期,未改装,,6.897627091290442
19005188,中古マンション等,,19201,山梨県,甲府市,中央,金手,5,２ＤＫ,45,,,,1975年,ＲＣ,住宅,住宅,,,,商業,80.0,400.0,2015年第1四半期,未改装,,6.176091259055681
19000144,中古マンション等,,19201,山梨県,甲府市,朝日,甲府,7,１Ｒ,15,,,,1988年,ＳＲＣ,住宅,住宅,,,,商業,80.0,400.0,2020年第4四半期,未改装,,6.176091259055681
19001663,中古マンション等,,19201,山梨県,甲府市,長松寺町,甲府,30分～60分,３ＬＤＫ,70,,,,2015年,ＲＣ,,住宅,,,,１中住専,60.0,200.0,2019年第3四半期,未改装,,7.301029995663981
19005783,中古マンション等,,19201,山梨県,甲府市,宮前町,甲府,11,３ＬＤＫ,65,,,,1993年,ＲＣ,住宅,住宅,,,,２種住居,60.0,200.0,2016年第3四半期,未改装,,7.113943352306837
19007262,中古マンション等,,19201,山梨県,甲府市,青葉町,南甲府,6,４ＬＤＫ,70,,,,1991年,ＲＣ,住宅,,,,,準工業,60.0,200.0,2007年第2四半期,改装済み,,6.778151250383644
19002045,中古マンション等,,19201,山梨県,甲府市,丸の内,甲府,9,３ＬＤＫ,80,,,,,,,住宅,,,,商業,80.0,400.0,2020年第3四半期,改装済み,,7.301029995663981
19004176,中古マンション等,,19201,山梨県,甲府市,中央,甲府,18,２ＤＫ,40,,,,1993年,ＳＲＣ,住宅,,,,,商業,80.0,600.0,2010年第4四半期,改装済み,,6.812913356642856
19003037,中古マンション等,,19201,山梨県,甲府市,国母,甲府,30分～60分,３ＤＫ,60,,,,1974年,ＲＣ,,,,,,１種住居,60.0,200.0,2017年第4四半期,,,6.477121254719663
19000012,中古マンション等,,19201,山梨県,甲府市,相生,甲府,15,３ＬＤＫ,80,,,,2019年,ＲＣ,住宅,住宅,,,,商業,80.0,400.0,2023年第2四半期,未改装,,7.6020599913279625
19006331,中古マンション等,,19201,山梨県,甲府市,朝日,甲府,8,１Ｋ,15,,,,1988年,ＳＲＣ,住宅,,,,,商業,80.0,400.0,2013年第1四半期,改装済み,,6.113943352306837
19004875,中古マンション等,,19201,山梨県,甲府市,朝日,甲府,9,３ＬＤＫ,65,,,,2003年,ＲＣ,住宅,住宅,,,,商業,80.0,400.0,2015年第1四半期,未改装,,7.230448921378274
19006842,中古マンション等,,19201,山梨県,甲府市,朝日,甲府,6,１Ｋ,15,,,,1988年,ＳＲＣ,住宅,,,,,商業,80.0,400.0,2009年第4四半期,未改装,,6.176091259055681
19007445,中古マンション等,,19201,山梨県,甲府市,川田町,石和温泉,9,２ＬＤＫ,50,,,,1994年,ＲＣ,住宅,,,,,調整区域,60.0,200.0,2008年第2四半期,未改装,,6.653212513775344
19005607,中古マンション等,,19201,山梨県,甲府市,下石田,甲府,30分～60分,３ＬＤＫ,70,,,,1998年,ＲＣ,住宅,住宅,,,,１種住居,60.0,200.0,2016年第2四半期,未改装,,7.113943352306837
19005661,中古マンション等,,19201,山梨県,甲府市,高畑,甲府,30分～60分,４ＬＤＫ,95,,,,2006年,ＲＣ,住宅,住宅,,,,１種住居,60.0,200.0,2016年第2四半期,改装済み,,7.278753600952829
19000769,中古マンション等,,19201,山梨県,甲府市,貢川本町,甲府,30分～60分,３ＬＤＫ,70,,,,2019年,ＲＣ,,住宅,,,,１種住居,60.0,200.0,2023年第2四半期,未改装,,7.477121254719663
19006664,中古マンション等,,19201,山梨県,甲府市,中央,甲府,18,１Ｋ,20,,,,1991年,鉄骨造,住宅,,,,,商業,80.0,400.0,2013年第1四半期,改装済み,,6.176091259055681
19007912,中古マンション等,,19201,山梨県,甲府市,若松町,甲府,25,３ＬＤＫ,70,,,,2006年,ＲＣ,住宅,,,,,商業,80.0,400.0,2007年第3四半期,未改装,,7.3979400086720375
19005978,中古マンション等,,19201,山梨県,甲府市,貢川本町,甲府,30分～60分,２ＬＤＫ,75,,,,2004年,ＲＣ,住宅,,,,,１種住居,60.0,200.0,2012年第3四半期,改装済み,,7.146128035678238
19005606,中古マンション等,,19201,山梨県,甲府市,下石田,甲府,30分～60分,３ＬＤＫ,70,,,,1998年,ＲＣ,住宅,住宅,,,,１種住居,60.0,200.0,2016年第2四半期,未改装,,7.0
19003700,中古マンション等,,19201,山梨県,甲府市,住吉,南甲府,5,２ＬＤＫ,55,,,,1990年,ＲＣ,住宅,,,,,１種住居,60.0,200.0,2014年第1四半期,改装済み,,6.845098040014257
19004290,中古マンション等,,19201,山梨県,甲府市,丸の内,甲府,9,４ＬＤＫ,80,,,,2010年,ＲＣ,住宅,,,,,商業,80.0,600.0,2010年第3四半期,未改装,,7.431363764158987
19005091,中古マンション等,,19201,山梨県,甲府市,下飯田,甲府,30分～60分,３ＬＤＫ,70,,,,2007年,ＲＣ,住宅,住宅,,,,１種住居,60.0,200.0,2015年第3四半期,未改装,,7.361727836017593
19003186,中古マンション等,,19201,山梨県,甲府市,朝日,甲府,2,１Ｋ,15,,,,1988年,ＳＲＣ,住宅,住宅,,,,商業,80.0,400.0,2014年第2四半期,未改装,,5.903089986991944
19002571,中古マンション等,,19201,山梨県,甲府市,貢川本町,甲府,30分～60分,３ＬＤＫ,70,,,,,,,住宅,,,,,,,2018年第2四半期,,,7.230448921378274
19007511,中古マンション等,,19201,山梨県,甲府市,国母,国母,6,３ＬＤＫ,70,,,,2000年,ＲＣ,住宅,,,,,１種住居,60.0,200.0,2007年第4四半期,未改装,,7.146128035678238
19005219,中古マンション等,,19201,山梨県,甲府市,徳行,甲府,30分～60分,４ＬＤＫ,80,,,,2008年,ＲＣ,住宅,住宅,,,,準工業,60.0,200.0,2015年第3四半期,未改装,,7.342422680822207
19006352,中古マンション等,,19201,山梨県,甲府市,伊勢,甲府,29,２ＬＤＫ,50,,,,1990年,ＲＣ,住宅,,,,,１種住居,,,2013年第3四半期,改装済み,,6.845098040014257
19004292,中古マンション等,,19201,山梨県,甲府市,丸の内,甲府,8,３ＬＤＫ,80,,,,2010年,ＳＲＣ,住宅,,,,,商業,80.0,600.0,2010年第3四半期,未改装,,7.447158031342219
19007013,中古マンション等,,19201,山梨県,甲府市,下飯田,甲府,30分～60分,３ＬＤＫ,75,,,,2007年,ＲＣ,住宅,,,,,１種住居,60.0,200.0,2009年第4四半期,未改装,,7.278753600952829
19005768,中古マンション等,,19201,山梨県,甲府市,丸の内,酒折,8,１Ｋ,20,,,,1992年,ＲＣ,住宅,住宅,,,,調整区域,60.0,200.0,2016年第2四半期,,,6.2552725051033065
19000132,中古マンション等,,19201,山梨県,甲府市,朝日,甲府,6,１Ｒ,15,,,,1988年,ＳＲＣ,住宅,その他,,,,商業,80.0,400.0,2022年第4四半期,未改装,,6.2552725051033065
19002624,中古マンション等,,19201,山梨県,甲府市,酒折,酒折,3,１Ｋ,20,,,,1991年,ＲＣ,住宅,住宅,,,,調整区域,,,2018年第4四半期,未改装,,6.2552725051033065
19007336,中古マンション等,,19201,山梨県,甲府市,大里町,甲斐住吉,30分～60分,２ＬＤＫ,55,,,,1992年,鉄骨造,住宅,,,,,１中住専,60.0,200.0,2007年第2四半期,未改装,,6.903089986991944
19002835,中古マンション等,,19201,山梨県,甲府市,丸の内,甲府,8,３ＬＤＫ,105,,,,2010年,ＲＣ,住宅,,,,,商業,80.0,600.0,2018年第2四半期,未改装,,7.477121254719663
19005008,中古マンション等,,19201,山梨県,甲府市,北口,甲府,3,２ＬＤＫ,65,,,,1996年,ＳＲＣ,住宅,住宅,,,,商業,80.0,400.0,2015年第1四半期,未改装,,7.176091259055681
19004068,中古マンション等,,19201,山梨県,甲府市,若松町,甲府,21,４ＬＤＫ,85,,,,2006年,ＲＣ,住宅,その他,,,,商業,80.0,400.0,2014年第4四半期,,調停・競売等,7.204119982655925
19001580,中古マンション等,,19201,山梨県,甲府市,中央,甲府,16,２ＤＫ,40,,,,,,,住宅,,,,,,,2022年第4四半期,,,6.838849090737256
19005113,中古マンション等,,19201,山梨県,甲府市,城東,甲府,26,３ＬＤＫ,65,,,,1993年,ＲＣ,住宅,住宅,,,,２種住居,60.0,200.0,2015年第3四半期,未改装,,7.0
19006117,中古マンション等,,19201,山梨県,甲府市,善光寺,善光寺,8,１Ｋ,15,,,,1991年,鉄骨造,住宅,,,,,１中住専,60.0,200.0,2012年第1四半期,未改装,,5.954242509439325
19002740,中古マンション等,,19201,山梨県,甲府市,中央,金手,5,２ＤＫ,45,,,,1975年,ＳＲＣ,住宅,住宅,,,,商業,80.0,400.0,2018年第3四半期,改装済み,,6.732393759822968
19000734,中古マンション等,,19201,山梨県,甲府市,北口,甲府,3,４ＬＤＫ,90,,,,1999年,ＲＣ,住宅,住宅,,,,商業,80.0,400.0,2021年第2四半期,未改装,,7.361727836017593
19005013,中古マンション等,,19201,山梨県,甲府市,貢川本町,甲府,30分～60分,３ＬＤＫ,75,,,,2004年,ＲＣ,住宅,住宅,,,,１種住居,60.0,200.0,2015年第1四半期,未改装,,7.278753600952829
19003612,中古マンション等,,19201,山梨県,甲府市,下石田,甲府,30分～60分,３ＬＤＫ,70,,,,1998年,ＲＣ,住宅,,,,,１種住居,60.0,200.0,2014年第1四半期,,,7.146128035678238
19004294,中古マンション等,,19201,山梨県,甲府市,丸の内,甲府,10,３ＬＤＫ,85,,,,2009年,ＲＣ,住宅,,,,,商業,80.0,400.0,2010年第2四半期,未改装,,7.3222192947339195
19004600,中古マンション等,,19201,山梨県,甲府市,里吉,南甲府,18,３ＬＤＫ,70,,,,1996年,ＲＣ,住宅,,,,,準工業,60.0,200.0,2011年第2四半期,改装済み,,6.977723605288848
19001581,中古マンション等,,19201,山梨県,甲府市,中央,甲府,15,３ＬＤＫ,65,,,,1989年,ＳＲＣ,住宅,住宅,,,,商業,80.0,400.0,2022年第3四半期,未改装,,7.113943352306837
19002063,中古マンション等,,19201,山梨県,甲府市,丸の内,甲府,8,３ＬＤＫ,70,,,,2010年,ＲＣ,住宅,住宅,,,,商業,80.0,600.0,2019年第1四半期,未改装,,7.301029995663981
19007254,中古マンション等,,19201,山梨県,甲府市,青葉町,南甲府,7,３ＬＤＫ,75,,,,1991年,ＲＣ,住宅,,,,,準工業,60.0,200.0,2008年第4四半期,未改装,,6.903089986991944
19000397,中古マンション等,,19201,山梨県,甲府市,大里町,国母,29,２ＬＤＫ,60,,,,1994年,ＲＣ,住宅,住宅,,,,２中住専,60.0,200.0,2020年第4四半期,改装済み,,6.903089986991944
19002690,中古マンション等,,19201,山梨県,甲府市,城東,金手,8,２ＬＤＫ,55,,,,1993年,ＲＣ,住宅,住宅,,,,２種住居,60.0,200.0,2018年第3四半期,未改装,,6.944482672150168
19005621,中古マンション等,,19201,山梨県,甲府市,城東,善光寺,5,３ＬＤＫ,65,,,,1991年,ＲＣ,住宅,住宅,,,,準工業,60.0,200.0,2016年第4四半期,未改装,,6.763427993562937
19004515,中古マンション等,,19201,山梨県,甲府市,川田町,石和温泉,10,２ＤＫ,50,,,,1994年,ＲＣ,住宅,,,,,,,,2011年第4四半期,未改装,,6.662757831681574
19005007,中古マンション等,,19201,山梨県,甲府市,北口,甲府,3,１Ｋ,25,,,,1987年,ＳＲＣ,住宅,事務所,,,,商業,80.0,600.0,2015年第2四半期,改装済み,,6.301029995663981
19007163,中古マンション等,,19201,山梨県,甲府市,丸の内,甲府,9,１Ｋ,15,,,,1988年,ＳＲＣ,住宅,,,,,商業,80.0,400.0,2009年第4四半期,未改装,,6.278753600952829
19001731,中古マンション等,,19201,山梨県,甲府市,徳行,甲府,30分～60分,３ＬＤＫ,80,,,,2007年,ＲＣ,住宅,住宅,,,,準工業,60.0,200.0,2020年第2四半期,改装済み,,7.301029995663981
19000033,中古マンション等,,19201,山梨県,甲府市,相生,甲府,16,３ＬＤＫ,75,,,,2019年,ＲＣ,住宅,住宅,,,,商業,80.0,400.0,2020年第4四半期,未改装,,7.505149978319906
19000727,中古マンション等,,19201,山梨県,甲府市,北口,甲府,2,１Ｋ,25,,,,1986年,ＳＲＣ,住宅,住宅,,,,商業,80.0,600.0,2022年第2四半期,未改装,,6.518513939877887
19005184,中古マンション等,,19201,山梨県,甲府市,中央,金手,5,２ＤＫ,45,,,,1975年,ＳＲＣ,住宅,事務所,,,,商業,80.0,400.0,2015年第4四半期,未改装,,6.623249290397901
19007854,中古マンション等,,19201,山梨県,甲府市,宮前町,甲府,10,１Ｋ,20,,,,1993年,ＲＣ,住宅,,,,,２種住居,60.0,200.0,2008年第1四半期,未改装,,6.57978359661681
19004260,中古マンション等,,19201,山梨県,甲府市,丸の内,甲府,8,３ＬＤＫ,70,,,,2010年,ＳＲＣ,住宅,,,,,商業,80.0,600.0,2010年第3四半期,未改装,,7.477121254719663
19004285,中古マンション等,,19201,山梨県,甲府市,丸の内,甲府,9,３ＬＤＫ,95,,,,2010年,ＲＣ,住宅,,,,,商業,80.0,600.0,2010年第3四半期,未改装,,7.477121254719663
19002003,中古マンション等,,19201,山梨県,甲府市,丸の内,甲府,10,３ＬＤＫ,75,,,,2007年,ＲＣ,住宅,住宅,,,,商業,80.0,400.0,2023年第1四半期,未改装,,7.278753600952829
19003014,中古マンション等,,19201,山梨県,甲府市,北口,甲府,4,２ＬＤＫ,75,,,,1999年,ＲＣ,住宅,住宅,,,,商業,80.0,400.0,2017年第4四半期,改装済み,,7.278753600952829
19004319,中古マンション等,,19201,山梨県,甲府市,丸の内,甲府,10,３ＬＤＫ,75,,,,2007年,ＲＣ,住宅,,,,,商業,80.0,400.0,2010年第1四半期,未改装,,7.204119982655925
19003433,中古マンション等,,19201,山梨県,甲府市,北口,甲府,3,,25,,,,1986年,ＳＲＣ,住宅,,,,,商業,80.0,600.0,2014年第1四半期,改装済み,,6.447158031342219
19007278,中古マンション等,,19201,山梨県,甲府市,朝日,甲府,7,１Ｋ,15,,,,1988年,ＳＲＣ,住宅,,,,,商業,80.0,400.0,2008年第2四半期,未改装,,6.414973347970818
19002057,中古マンション等,,19201,山梨県,甲府市,丸の内,甲府,8,３ＬＤＫ,90,,,,2010年,ＲＣ,住宅,住宅,,,,商業,80.0,600.0,2019年第3四半期,改装済み,,7.556302500767287
19003774,中古マンション等,,19201,山梨県,甲府市,中央,金手,8,２ＬＤＫ,45,,,,1975年,ＲＣ,住宅,住宅,,,,商業,,,2014年第3四半期,改装済み,,6.568201724066995
19003456,中古マンション等,,19201,山梨県,甲府市,丸の内,甲府,6,３ＬＤＫ,70,,,,2006年,ＲＣ,住宅,住宅,,,,商業,80.0,600.0,2017年第1四半期,未改装,,7.204119982655925
19007161,中古マンション等,,19201,山梨県,甲府市,丸の内,甲府,11,３ＬＤＫ,70,,,,2009年,ＲＣ,住宅,,,,,商業,80.0,400.0,2009年第4四半期,未改装,,7.2552725051033065
19004516,中古マンション等,,19201,山梨県,甲府市,川田町,石和温泉,9,３ＤＫ,50,,,,1994年,ＲＣ,住宅,,,,,調整区域,60.0,200.0,2011年第3四半期,改装済み,,6.903089986991944
19001244,中古マンション等,,19201,山梨県,甲府市,城東,善光寺,6,２ＬＤＫ,55,,,,,,,住宅,,,,,,,2020年第3四半期,改装済み,,6.770852011642144
19004551,中古マンション等,,19201,山梨県,甲府市,国母,甲府,30分～60分,３ＬＤＫ,65,,,,2008年,ＲＣ,住宅,,,,,２種住居,60.0,200.0,2011年第3四半期,未改装,,7.230448921378274
19001362,中古マンション等,,19201,山梨県,甲府市,善光寺,善光寺,8,１Ｋ,15,,,,1991年,鉄骨造,住宅,その他,,,,１中住専,60.0,200.0,2021年第4四半期,,,5.7558748556724915
19005761,中古マンション等,,19201,山梨県,甲府市,丸の内,甲府,8,１Ｒ,15,,,,1988年,ＳＲＣ,住宅,その他,,,,商業,80.0,400.0,2016年第3四半期,未改装,,6.041392685158225
19003714,中古マンション等,,19201,山梨県,甲府市,善光寺,善光寺,8,１Ｒ,15,,,,1991年,鉄骨造,住宅,住宅,,,,１中住専,60.0,200.0,2014年第4四半期,未改装,,6.2552725051033065
19000356,中古マンション等,,19201,山梨県,甲府市,大里町,国母,30分～60分,２ＬＤＫ,55,,,,1992年,鉄骨造,店舗,住宅,,,,１中住専,60.0,200.0,2023年第3四半期,未改装,,6.5910646070264995
19002830,中古マンション等,,19201,山梨県,甲府市,丸の内,甲府,8,１Ｋ,15,,,,1988年,ＳＲＣ,住宅,住宅,,,,商業,80.0,400.0,2018年第3四半期,未改装,,6.653212513775344
19004179,中古マンション等,,19201,山梨県,甲府市,中央,甲府,16,２ＤＫ,45,,,,1975年,ＲＣ,住宅,,,,,商業,80.0,400.0,2010年第4四半期,未改装,,6.4623979978989565
19006290,中古マンション等,,19201,山梨県,甲府市,若松町,甲府,21,３ＬＤＫ,95,,,,2006年,ＲＣ,住宅,,,,,商業,80.0,400.0,2012年第4四半期,未改装,,7.361727836017593
19006315,中古マンション等,,19201,山梨県,甲府市,青葉町,南甲府,15,４ＬＤＫ,70,,,,1991年,ＲＣ,住宅,,,,,準工業,60.0,200.0,2013年第3四半期,,,6.698970004336019
19000156,中古マンション等,,19201,山梨県,甲府市,朝日,甲府,6,１Ｋ,15,,,,1988年,ＳＲＣ,住宅,その他,,,,商業,80.0,400.0,2019年第2四半期,未改装,,7.301029995663981
19006562,中古マンション等,,19201,山梨県,甲府市,下石田,甲府,30分～60分,３ＬＤＫ,70,,,,戦前,ＲＣ,住宅,,,,,１種住居,60.0,200.0,2013年第1四半期,未改装,調停・競売等,7.146128035678238
19000341,中古マンション等,,19201,山梨県,甲府市,大里町,甲斐住吉,30分～60分,２ＬＤＫ,55,,,,1992年,鉄骨造,住宅,住宅,,,,１中住専,60.0,200.0,2021年第2四半期,未改装,,6.812913356642856
19002033,中古マンション等,,19201,山梨県,甲府市,丸の内,甲府,10,３ＬＤＫ,70,,,,2007年,ＲＣ,住宅,住宅,,,,商業,80.0,400.0,2021年第3四半期,改装済み,,7.278753600952829
19003290,中古マンション等,,19201,山梨県,甲府市,中央,甲府,16,１Ｋ,20,,,,1993年,ＳＲＣ,住宅,住宅,,,,商業,80.0,600.0,2017年第3四半期,未改装,,6.414973347970818
19003012,中古マンション等,,19201,山梨県,甲府市,川田町,石和温泉,10,１ＤＫ,35,,,,1994年,ＲＣ,住宅,住宅,,,,調整区域,60.0,200.0,2017年第1四半期,未改装,,6.623249290397901
19000049,中古マンション等,,19201,山梨県,甲府市,青沼,金手,14,３ＬＤＫ,80,,,,2006年,ＲＣ,住宅,住宅,,,,１種住居,60.0,200.0,2021年第3四半期,未改装,,7.361727836017593
19005118,中古マンション等,,19201,山梨県,甲府市,城東,善光寺,6,３ＬＤＫ,55,,,,1991年,ＲＣ,住宅,住宅,,,,準工業,60.0,200.0,2015年第1四半期,未改装,,6.3222192947339195
19005094,中古マンション等,,19201,山梨県,甲府市,下飯田,甲府,29,４ＬＤＫ,85,,,,2009年,ＳＲＣ,住宅,住宅,,,,１種住居,60.0,200.0,2015年第2四半期,未改装,,7.3222192947339195
19000736,中古マンション等,,19201,山梨県,甲府市,北口,甲府,4,４ＬＤＫ,90,,,,,,,住宅,,,,,,,2020年第4四半期,改装済み,,7.414973347970818
19006227,中古マンション等,,19201,山梨県,甲府市,丸の内,甲府,4,３ＬＤＫ,75,,,,2007年,ＲＣ,住宅,,,,,商業,80.0,600.0,2012年第3四半期,未改装,,7.414973347970818
19003959,中古マンション等,,19201,山梨県,甲府市,丸の内,甲府,8,３ＬＤＫ,75,,,,2010年,ＲＣ,住宅,,,,,商業,80.0,600.0,2014年第2四半期,未改装,,7.505149978319906
19000518,中古マンション等,,19201,山梨県,甲府市,上石田,甲府,28,３ＬＤＫ,70,,,,1990年,ＲＣ,,住宅,,,,１中住専,60.0,200.0,2023年第2四半期,未改装,,6.8750612633917
19005293,中古マンション等,,19201,山梨県,甲府市,朝日,甲府,7,１Ｋ,15,,,,1988年,ＳＲＣ,住宅,住宅,,,,商業,80.0,400.0,2016年第3四半期,未改装,,6.204119982655925
19003432,中古マンション等,,19201,山梨県,甲府市,北口,甲府,4,３ＬＤＫ,75,,,,1999年,ＲＣ,住宅,住宅,,,,商業,80.0,400.0,2014年第3四半期,未改装,,7.301029995663981
19003589,中古マンション等,,19201,山梨県,甲府市,里吉,南甲府,15,３ＬＤＫ,70,,,,1996年,ＲＣ,住宅,住宅,,,,準工業,60.0,200.0,2014年第3四半期,,,6.963787827345556
19002026,中古マンション等,,19201,山梨県,甲府市,丸の内,甲府,9,３ＬＤＫ,75,,,,2009年,ＲＣ,住宅,住宅,,,,商業,80.0,400.0,2021年第4四半期,未改装,,7.301029995663981
19004275,中古マンション等,,19201,山梨県,甲府市,丸の内,甲府,8,３ＬＤＫ,70,,,,2010年,ＲＣ,住宅,,,,,商業,80.0,600.0,2010年第3四半期,改装済み,,7.447158031342219
19004828,中古マンション等,,19201,山梨県,甲府市,湯村,甲府,30分～60分,４ＬＤＫ,85,,,,2004年,ＳＲＣ,住宅,,,,,商業,80.0,400.0,2011年第4四半期,改装済み,,7.301029995663981
19002014,中古マンション等,,19201,山梨県,甲府市,丸の内,甲府,10,３ＬＤＫ,75,,,,2007年,ＲＣ,住宅,住宅,,,,商業,80.0,400.0,2022年第2四半期,未改装,,7.301029995663981
19005655,中古マンション等,,19201,山梨県,甲府市,善光寺,善光寺,8,１Ｋ,15,,,,1991年,鉄骨造,住宅,その他,,,,１中住専,60.0,200.0,2016年第1四半期,未改装,,5.812913356642856
19003064,中古マンション等,,19201,山梨県,甲府市,酒折,酒折,3,１Ｋ,20,,,,1991年,ＲＣ,住宅,住宅,,,,調整区域,60.0,100.0,2017年第4四半期,,,6.544068044350276
19001615,中古マンション等,,19201,山梨県,甲府市,中央,甲府,14,２ＤＫ,35,,,,1993年,鉄骨造,住宅,,,,,商業,80.0,400.0,2021年第1四半期,未改装,,6.447158031342219
19004301,中古マンション等,,19201,山梨県,甲府市,丸の内,甲府,8,３ＬＤＫ,75,,,,2010年,ＲＣ,住宅,,,,,商業,80.0,600.0,2010年第2四半期,未改装,,7.447158031342219
19002895,中古マンション等,,19201,山梨県,甲府市,青葉町,南甲府,13,３ＬＤＫ,70,,,,1991年,ＲＣ,住宅,住宅,,,,準工業,60.0,200.0,2017年第1四半期,改装済み,,7.0
19002058,中古マンション等,,19201,山梨県,甲府市,丸の内,甲府,4,２ＬＤＫ,65,,,,2007年,ＲＣ,住宅,住宅,,,,商業,80.0,600.0,2019年第2四半期,未改装,,7.447158031342219
19002103,中古マンション等,,19201,山梨県,甲府市,南口町,南甲府,3,３ＬＤＫ,75,,,,1999年,ＲＣ,住宅,住宅,,,,１種住居,60.0,200.0,2021年第4四半期,未改装,,7.146128035678238
19003494,中古マンション等,,19201,山梨県,甲府市,国母,甲斐住吉,21,３ＬＤＫ,80,,,,1998年,ＲＣ,住宅,,,,,１種住居,60.0,200.0,2014年第1四半期,未改装,,7.204119982655925
19002779,中古マンション等,,19201,山梨県,甲府市,徳行,甲府,30分～60分,３ＬＤＫ,70,,,,2007年,ＲＣ,住宅,住宅,,,,準工業,60.0,200.0,2018年第2四半期,未改装,,7.278753600952829
19004277,中古マンション等,,19201,山梨県,甲府市,丸の内,甲府,8,３ＬＤＫ,70,,,,2010年,ＲＣ、鉄骨造,住宅,,,,,商業,80.0,600.0,2010年第3四半期,未改装,,7.414973347970818
19001030,中古マンション等,,19201,山梨県,甲府市,里吉,南甲府,21,３ＬＤＫ,60,,,,1996年,ＲＣ,住宅,住宅,,,,準工業,60.0,200.0,2020年第1四半期,未改装,,7.079181246047625
19004312,中古マンション等,,19201,山梨県,甲府市,丸の内,甲府,11,３ＬＤＫ,70,,,,2009年,ＲＣ,住宅,,,,,商業,80.0,400.0,2010年第1四半期,未改装,,7.230448921378274
19005698,中古マンション等,,19201,山梨県,甲府市,中央,甲府,18,１Ｋ,20,,,,1993年,ＳＲＣ,住宅,住宅,,,,商業,80.0,600.0,2016年第1四半期,未改装,,6.623249290397901
19004908,中古マンション等,,19201,山梨県,甲府市,大里町,甲斐住吉,30分～60分,３ＬＤＫ,55,,,,1992年,鉄骨造,住宅,住宅,,,,１中住専,60.0,200.0,2015年第4四半期,改装済み,,6.832508912706237
19002625,中古マンション等,,19201,山梨県,甲府市,酒折,酒折,3,１Ｋ,20,,,,1992年,ＲＣ,住宅,住宅,,,,調整区域,60.0,200.0,2018年第2四半期,未改装,,6.176091259055681
19000042,中古マンション等,,19201,山梨県,甲府市,相生,甲府,14,３ＬＤＫ,75,,,,2019年,ＲＣ,住宅,住宅,,,,商業,80.0,400.0,2019年第4四半期,未改装,,7.491361693834273
19003018,中古マンション等,,19201,山梨県,甲府市,北口,甲府,4,３ＬＤＫ,70,,,,1999年,ＲＣ,住宅,住宅,,,,商業,80.0,400.0,2017年第3四半期,未改装,,7.2552725051033065
19004259,中古マンション等,,19201,山梨県,甲府市,丸の内,甲府,10,３ＬＤＫ,70,,,,2009年,ＲＣ,住宅,,,,,商業,80.0,400.0,2010年第3四半期,改装済み,,7.278753600952829
19002846,中古マンション等,,19201,山梨県,甲府市,宮前町,甲府,10,２ＤＫ,45,,,,1993年,ＲＣ,住宅,住宅,,,,２種住居,60.0,200.0,2018年第2四半期,未改装,,6.799340549453582
19003679,中古マンション等,,19201,山梨県,甲府市,朝日,甲府,8,１Ｋ,15,,,,1988年,ＳＲＣ,住宅,,,,,商業,80.0,400.0,2010年第4四半期,改装済み,,6.204119982655925
19003183,中古マンション等,,19201,山梨県,甲府市,朝日,甲府,8,１Ｋ,15,,,,1988年,ＳＲＣ,住宅,住宅,,,,商業,80.0,400.0,2014年第4四半期,,,6.176091259055681
19007221,中古マンション等,,19201,山梨県,甲府市,若松町,甲府,21,３ＬＤＫ,70,,,,2006年,ＲＣ,住宅,,,,,商業,80.0,400.0,2009年第3四半期,未改装,,7.204119982655925
19005202,中古マンション等,,19201,山梨県,甲府市,中央,甲府,16,２ＤＫ,45,,,,1993年,ＳＲＣ,住宅,住宅,,,,商業,80.0,600.0,2015年第2四半期,未改装,,6.929418925714293
19002749,中古マンション等,,19201,山梨県,甲府市,中央,甲府,13,２ＬＤＫ,70,,,,2018年,ＲＣ,住宅,住宅,,,,商業,80.0,600.0,2018年第4四半期,,,7.477121254719663
19004524,中古マンション等,,19201,山梨県,甲府市,北口,甲府,4,１Ｋ,25,,,,1986年,ＳＲＣ,住宅,,,,,商業,80.0,600.0,2011年第1四半期,改装済み,,6.342422680822207
19000281,中古マンション等,,19201,山梨県,甲府市,伊勢,南甲府,19,２ＬＤＫ,50,,,,1990年,ＲＣ,住宅,住宅,,,,１種住居,60.0,200.0,2020年第4四半期,未改装,,6.698970004336019
19004782,中古マンション等,,19201,山梨県,甲府市,丸の内,甲府,6,３ＬＤＫ,75,,,,2006年,ＲＣ,住宅,,,,,商業,80.0,600.0,2011年第1四半期,未改装,,7.301029995663981
19000707,中古マンション等,,19201,山梨県,甲府市,川田町,石和温泉,10,２ＬＤＫ,50,,,,1994年,ＲＣ,住宅,住宅,,,,調整区域,70.0,400.0,2020年第4四半期,未改装,,6.939519252618618
19004295,中古マンション等,,19201,山梨県,甲府市,丸の内,甲府,10,３ＬＤＫ,70,,,,2009年,ＲＣ,住宅,,,,,商業,80.0,400.0,2010年第2四半期,,,7.301029995663981
19007853,中古マンション等,,19201,山梨県,甲府市,宮前町,甲府,11,３ＬＤＫ,55,,,,1993年,ＲＣ,住宅,,,,,２種住居,60.0,200.0,2008年第2四半期,未改装,調停・競売等,6.838849090737256
19002834,中古マンション等,,19201,山梨県,甲府市,丸の内,甲府,10,３ＬＤＫ,75,,,,2007年,ＲＣ,住宅,住宅,,,,商業,80.0,400.0,2018年第2四半期,未改装,,7.342422680822207
19001468,中古マンション等,,19201,山梨県,甲府市,武田,甲府,7,３ＬＤＫ,80,,,,2013年,ＲＣ,住宅,住宅,,,,商業,80.0,400.0,2021年第1四半期,改装済み,,7.505149978319906
19006738,中古マンション等,,19201,山梨県,甲府市,丸の内,甲府,9,３ＬＤＫ,75,,,,2006年,ＲＣ,住宅,,,,,商業,80.0,400.0,2013年第1四半期,未改装,,7.431363764158987
19006911,中古マンション等,,19201,山梨県,甲府市,上石田,甲府,30分～60分,３ＬＤＫ,75,,,,1990年,ＲＣ,住宅,,,,,１種住居,60.0,200.0,2009年第1四半期,未改装,,7.113943352306837
19001375,中古マンション等,,19201,山梨県,甲府市,善光寺,善光寺,6,１ＬＤＫ,20,,,,1991年,鉄骨造,住宅,その他,,,,１中住専,60.0,200.0,2019年第2四半期,改装済み,,6.531478917042255
19003749,中古マンション等,,19201,山梨県,甲府市,伊勢,甲府,30分～60分,２ＬＤＫ,50,,,,1990年,ＲＣ,住宅,,,,,１種住居,60.0,200.0,2010年第1四半期,未改装,調停・競売等,6.556302500767287
19004702,中古マンション等,,19201,山梨県,甲府市,中央,甲府,18,１Ｋ,20,,,,1991年,鉄骨造,住宅,,,,,商業,80.0,400.0,2011年第4四半期,改装済み,,5.477121254719663
19004007,中古マンション等,,19201,山梨県,甲府市,国母,甲府,30分～60分,３ＬＤＫ,60,,,,1974年,ＲＣ,住宅,,,,,１種住居,60.0,200.0,2010年第2四半期,未改装,,6.633468455579586
19001542,中古マンション等,,19201,山梨県,甲府市,中央,金手,5,２ＤＫ,45,,,,1975年,ＳＲＣ,住宅,住宅,,,,商業,80.0,400.0,2022年第2四半期,未改装,,6.3979400086720375
19000075,中古マンション等,,19201,山梨県,甲府市,青葉町,南甲府,11,４ＤＫ,70,,,,1991年,ＲＣ,住宅,住宅,,,,準工業,60.0,200.0,2021年第3四半期,改装済み,,6.690196080028514
19005325,中古マンション等,,19201,山梨県,甲府市,丸の内,甲府,9,３ＬＤＫ,75,,,,2007年,ＲＣ,住宅,住宅,,,,商業,80.0,400.0,2015年第2四半期,未改装,,7.113943352306837
19006902,中古マンション等,,19201,山梨県,甲府市,上石田,甲府,28,３ＬＤＫ,70,,,,1990年,ＲＣ,住宅,,,,,１中住専,60.0,200.0,2009年第4四半期,改装済み,,6.929418925714293
19000152,中古マンション等,,19201,山梨県,甲府市,朝日,甲府,6,１Ｒ,15,,,,1988年,ＳＲＣ,住宅,住宅,,,,商業,80.0,400.0,2020年第1四半期,未改装,,6.079181246047625
19007510,中古マンション等,,19201,山梨県,甲府市,国母,国母,30分～60分,２ＬＤＫ,50,,,,1974年,ＲＣ,住宅,,,,,１種住居,60.0,200.0,2007年第4四半期,改装済み,,6.633468455579586
19005695,中古マンション等,,19201,山梨県,甲府市,中央,甲府,19,１Ｋ,20,,,,1991年,鉄骨造,住宅,その他,,,,商業,80.0,400.0,2016年第2四半期,未改装,,6.0
19003499,中古マンション等,,19201,山梨県,甲府市,南口町,南甲府,3,３ＬＤＫ,75,,,,1999年,ＲＣ,住宅,住宅,,,,１種住居,60.0,200.0,2017年第2四半期,改装済み,,7.176091259055681
19000740,中古マンション等,,19201,山梨県,甲府市,北口,甲府,4,３ＬＤＫ,75,,,,1999年,ＲＣ,,住宅,,,,商業,80.0,400.0,2019年第2四半期,未改装,,7.301029995663981
19007259,中古マンション等,,19201,山梨県,甲府市,青葉町,南甲府,9,３ＬＤＫ,70,,,,1991年,ＲＣ,住宅,,,,,準工業,60.0,200.0,2008年第2四半期,未改装,調停・競売等,6.832508912706237
19003008,中古マンション等,,19201,山梨県,甲府市,川田町,石和温泉,10,３ＤＫ,50,,,,1994年,ＲＣ,住宅,住宅,,,,調整区域,70.0,400.0,2017年第3四半期,未改装,,6.698970004336019
19001237,中古マンション等,,19201,山梨県,甲府市,城東,善光寺,7,,55,,,,1991年,ＲＣ,住宅,住宅,,,,準工業,60.0,200.0,2021年第4四半期,改装済み,,6.748188027006201
19007658,中古マンション等,,19201,山梨県,甲府市,善光寺,甲府,30分～60分,１Ｋ,15,,,,1991年,鉄骨造,住宅,,,,,１中住専,60.0,200.0,2007年第2四半期,未改装,,5.778151250383644
19001081,中古マンション等,,19201,山梨県,甲府市,下飯田,甲府,30分～60分,４ＬＤＫ,80,,,,2007年,ＲＣ,住宅,住宅,,,,１種住居,60.0,200.0,2021年第2四半期,未改装,,7.361727836017593
19005300,中古マンション等,,19201,山梨県,甲府市,朝日,甲府,6,１Ｋ,15,,,,1988年,ＳＲＣ,住宅,住宅,,,,商業,80.0,400.0,2016年第1四半期,,,6.204119982655925
19003681,中古マンション等,,19201,山梨県,甲府市,朝日,甲府,8,１Ｋ,15,,,,1988年,ＳＲＣ,住宅,,,,,商業,80.0,400.0,2010年第3四半期,改装済み,,5.954242509439325
19003782,中古マンション等,,19201,山梨県,甲府市,大里町,甲斐住吉,30分～60分,３ＬＤＫ,55,,,,1992年,鉄骨造,住宅,,,,,１中住専,60.0,200.0,2010年第3四半期,未改装,,6.863322860120456
19005521,中古マンション等,,19201,山梨県,甲府市,北口,甲府,4,３ＬＤＫ,70,,,,1999年,ＲＣ,住宅,住宅,,,,商業,80.0,400.0,2016年第3四半期,未改装,,7.2552725051033065
19003063,中古マンション等,,19201,山梨県,甲府市,酒折,酒折,3,１Ｋ,20,,,,1992年,ＲＣ,,その他,,,,調整区域,60.0,200.0,2017年第4四半期,,,6.672097857935717
19004673,中古マンション等,,19201,山梨県,甲府市,宝,甲府,13,３ＬＤＫ,70,,,,2007年,ＲＣ,住宅,,,,,２種住居,60.0,200.0,2011年第1四半期,未改装,,7.342422680822207
19003512,中古マンション等,,19201,山梨県,甲府市,元紺屋町,甲府,15,３ＬＤＫ,60,,,,2004年,ＲＣ,住宅,住宅,,,,１中住専,60.0,200.0,2017年第3四半期,未改装,,7.230448921378274
19003780,中古マンション等,,19201,山梨県,甲府市,中央,金手,4,２ＤＫ,45,,,,1975年,ＳＲＣ,住宅,,,,,商業,80.0,400.0,2014年第1四半期,未改装,,6.447158031342219
19007851,中古マンション等,,19201,山梨県,甲府市,宮前町,甲府,11,２ＤＫ,45,,,,1993年,ＲＣ,住宅,,,,,２種住居,60.0,200.0,2008年第4四半期,改装済み,,6.954242509439325
19007827,中古マンション等,,19201,山梨県,甲府市,丸の内,甲府,8,１Ｋ,20,,,,1988年,ＳＲＣ,住宅,,,,,商業,80.0,400.0,2007年第2四半期,改装済み,,6.447158031342219
19003678,中古マンション等,,19201,山梨県,甲府市,朝日,甲府,8,１Ｋ,15,,,,1988年,ＳＲＣ,住宅,,,,,商業,80.0,400.0,2010年第4四半期,未改装,,6.204119982655925
19001622,中古マンション等,,19201,山梨県,甲府市,中央,甲府,12,オープンフロア,280,,,,2018年,ＲＣ,店舗,店舗,,,,商業,80.0,600.0,2020年第4四半期,未改装,,8.041392685158225
19007451,中古マンション等,,19201,山梨県,甲府市,川田町,石和温泉,10,１ＤＫ,25,,,,1994年,ＲＣ,住宅,,,,,調整区域,60.0,200.0,2007年第4四半期,改装済み,,6.57978359661681
19003963,中古マンション等,,19201,山梨県,甲府市,丸の内,甲府,3,３ＬＤＫ,85,,,,2006年,ＲＣ,住宅,,,,,商業,80.0,600.0,2014年第1四半期,改装済み,,7.505149978319906
19000151,中古マンション等,,19201,山梨県,甲府市,朝日,甲府,6,１Ｒ,15,,,,1988年,ＳＲＣ,住宅,住宅,,,,商業,80.0,400.0,2020年第1四半期,未改装,,6.146128035678238
19005622,中古マンション等,,19201,山梨県,甲府市,城東,善光寺,6,３ＬＤＫ,65,,,,,ＲＣ,住宅,住宅,,,,準工業,60.0,200.0,2016年第3四半期,改装済み,,6.740362689494244
19003455,中古マンション等,,19201,山梨県,甲府市,丸の内,甲府,8,１Ｒ,20,,,,1988年,ＳＲＣ,住宅,住宅,,,,商業,80.0,400.0,2017年第1四半期,未改装,,6.278753600952829
19007910,中古マンション等,,19201,山梨県,甲府市,若松町,甲府,19,２ＬＤＫ,60,,,,2006年,ＲＣ,住宅,,,,,商業,80.0,400.0,2007年第4四半期,未改装,,7.414973347970818
19004280,中古マンション等,,19201,山梨県,甲府市,丸の内,甲府,8,３ＬＤＫ,105,,,,2010年,ＲＣ、鉄骨造,住宅,,,,,商業,80.0,600.0,2010年第3四半期,,,7.5910646070264995
19005659,中古マンション等,,19201,山梨県,甲府市,高畑,甲府,28,２ＬＤＫ,85,,,,2006年,ＲＣ,住宅,住宅,,,,１種住居,60.0,200.0,2016年第3四半期,未改装,,7.230448921378274
19006558,中古マンション等,,19201,山梨県,甲府市,下石田,甲府,30分～60分,３ＬＤＫ,75,,,,1998年,ＲＣ,住宅,,,,,１種住居,60.0,200.0,2013年第4四半期,未改装,,7.204119982655925
19001578,中古マンション等,,19201,山梨県,甲府市,中央,甲府,18,２ＬＤＫ,40,,,,1993年,ＳＲＣ,,住宅,,,,商業,80.0,600.0,2023年第1四半期,改装済み,,7.204119982655925
19005004,中古マンション等,,19201,山梨県,甲府市,北口,甲府,3,３ＬＤＫ,45,,,,1996年,ＳＲＣ,住宅,住宅,,,,商業,80.0,400.0,2015年第4四半期,未改装,,6.944482672150168
19002733,中古マンション等,,19201,山梨県,甲府市,武田,甲府,12,４ＬＤＫ,80,,,,2016年,ＲＣ,住宅,住宅,,,,１中住専,60.0,200.0,2018年第1四半期,未改装,,7.531478917042255
19003451,中古マンション等,,19201,山梨県,甲府市,丸の内,甲府,10,４ＬＤＫ,90,,,,2007年,ＲＣ,住宅,,,,,商業,80.0,400.0,2017年第2四半期,未改装,,7.3222192947339195
19002042,中古マンション等,,19201,山梨県,甲府市,丸の内,甲府,8,１Ｋ,15,,,,1988年,ＳＲＣ,住宅,住宅,,,,商業,80.0,400.0,2020年第4四半期,未改装,,6.176091259055681
19002325,中古マンション等,,19201,山梨県,甲府市,湯村,甲府,30分～60分,３ＬＤＫ,85,,,,2004年,ＳＲＣ,住宅,住宅,,,,商業,80.0,400.0,2019年第1四半期,未改装,,7.278753600952829
19005556,中古マンション等,,19201,山梨県,甲府市,国母,国母,5,４ＬＤＫ,90,,,,2000年,ＲＣ,住宅,住宅,,,,１種住居,60.0,200.0,2016年第3四半期,未改装,,7.278753600952829
19000035,中古マンション等,,19201,山梨県,甲府市,相生,甲府,16,３ＬＤＫ,75,,,,2019年,ＲＣ,住宅,住宅,,,,商業,80.0,400.0,2020年第4四半期,未改装,,7.491361693834273
19001597,中古マンション等,,19201,山梨県,甲府市,中央,甲府,15,２ＤＫ,35,,,,1993年,鉄骨造,住宅,住宅,,,,商業,80.0,400.0,2021年第4四半期,未改装,,6.5910646070264995
19005194,中古マンション等,,19201,山梨県,甲府市,中央,甲府,16,１ＤＫ,30,,,,1993年,ＳＲＣ,住宅,住宅,,,,商業,80.0,600.0,2015年第4四半期,改装済み,,6.740362689494244
19003017,中古マンション等,,19201,山梨県,甲府市,北口,甲府,4,３ＬＤＫ,65,,,,1996年,ＳＲＣ,住宅,住宅,,,,商業,80.0,400.0,2017年第3四半期,改装済み,,7.176091259055681
19004773,中古マンション等,,19201,山梨県,甲府市,丸の内,甲府,9,１Ｋ,15,,,,1988年,ＳＲＣ,住宅,,,,,商業,80.0,400.0,2011年第3四半期,未改装,,6.204119982655925
19005699,中古マンション等,,19201,山梨県,甲府市,中央,甲府,18,１Ｋ,20,,,,1993年,ＳＲＣ,住宅,住宅,,,,商業,80.0,600.0,2016年第1四半期,未改装,,6.623249290397901
19001589,中古マンション等,,19201,山梨県,甲府市,中央,甲府,15,３ＬＤＫ,65,,,,1989年,ＳＲＣ,住宅,住宅,,,,商業,80.0,400.0,2022年第2四半期,未改装,,6.903089986991944
19004079,中古マンション等,,19201,山梨県,甲府市,酒折,酒折,10,１Ｋ,20,,,,1990年,ＲＣ,住宅,,,,,調整区域,60.0,200.0,2010年第1四半期,未改装,,6.380211241711606
19000768,中古マンション等,,19201,山梨県,甲府市,貢川本町,甲府,30分～60分,３ＬＤＫ,70,,,,2004年,ＲＣ,住宅,住宅,,,,１種住居,60.0,200.0,2023年第2四半期,未改装,,7.3222192947339195
19000981,中古マンション等,,19201,山梨県,甲府市,酒折,酒折,3,４ＤＫ,60,,,,1993年,ＲＣ,,住宅,,,,調整区域,60.0,200.0,2022年第1四半期,,,6.977723605288848
19005296,中古マンション等,,19201,山梨県,甲府市,朝日,甲府,7,１ＤＫ,15,,,,1988年,ＳＲＣ,住宅,その他,,,,商業,80.0,400.0,2016年第2四半期,未改装,,6.0
19000724,中古マンション等,,19201,山梨県,甲府市,北口,甲府,2,１Ｋ,25,,,,1986年,ＳＲＣ,,住宅,,,,商業,80.0,600.0,2022年第3四半期,未改装,,6.342422680822207
19002590,中古マンション等,,19201,山梨県,甲府市,国母,甲府,30分～60分,２ＬＤＫ,55,,,,1974年,ＲＣ,住宅,住宅,,,,１種住居,60.0,200.0,2018年第1四半期,未改装,,6.6020599913279625
19003775,中古マンション等,,19201,山梨県,甲府市,中央,金手,5,２ＤＫ,45,,,,1975年,ＲＣ,住宅,住宅,,,,商業,80.0,400.0,2014年第3四半期,改装済み,,6.518513939877887
19004322,中古マンション等,,19201,山梨県,甲府市,丸の内,甲府,10,３ＬＤＫ,70,,,,2009年,ＲＣ,住宅,,,,,商業,80.0,400.0,2010年第1四半期,改装済み,,7.3222192947339195
19003659,中古マンション等,,19201,山梨県,甲府市,青葉町,南甲府,9,,70,,,,1991年,ＲＣ,住宅,,,,,準工業,60.0,200.0,2010年第2四半期,改装済み,,6.7558748556724915
19007170,中古マンション等,,19201,山梨県,甲府市,丸の内,甲府,5,２ＬＤＫ,65,,,,2007年,ＲＣ,住宅,,,,,商業,80.0,600.0,2009年第3四半期,未改装,,7.3222192947339195
19003261,中古マンション等,,19201,山梨県,甲府市,中央,金手,5,２ＬＤＫ,60,,,,1975年,ＲＣ,住宅,住宅,,,,商業,80.0,400.0,2017年第1四半期,未改装,,6.556302500767287
19004281,中古マンション等,,19201,山梨県,甲府市,丸の内,甲府,9,３ＬＤＫ,75,,,,2010年,ＲＣ,住宅,,,,,商業,80.0,600.0,2010年第3四半期,未改装,,7.3979400086720375
19006579,中古マンション等,,19201,山梨県,甲府市,城東,善光寺,6,３ＬＤＫ,60,,,,1991年,ＲＣ,住宅,,,,,準工業,60.0,200.0,2013年第4四半期,改装済み,,6.977723605288848
19007108,中古マンション等,,19201,山梨県,甲府市,中央,甲府,16,２ＬＤＫ,45,,,,1975年,ＲＣ,住宅,,,,,商業,80.0,400.0,2009年第2四半期,未改装,,6.477121254719663
19000038,中古マンション等,,19201,山梨県,甲府市,相生,甲府,15,３ＬＤＫ,75,,,,2019年,ＲＣ,住宅,住宅,,,,商業,80.0,400.0,2020年第3四半期,未改装,,7.477121254719663
19004287,中古マンション等,,19201,山梨県,甲府市,丸の内,甲府,9,３ＬＤＫ,70,,,,2010年,ＲＣ,住宅,,,,,商業,80.0,600.0,2010年第3四半期,未改装,,7.380211241711606
19004269,中古マンション等,,19201,山梨県,甲府市,丸の内,甲府,8,３ＬＤＫ,90,,,,2010年,ＲＣ,住宅,,,,,商業,80.0,600.0,2010年第3四半期,,,7.4623979978989565
19000024,中古マンション等,,19201,山梨県,甲府市,相生,甲府,15,３ＬＤＫ,75,,,,2019年,ＲＣ,住宅,住宅,,,,商業,80.0,400.0,2021年第2四半期,未改装,,7.505149978319906
19003776,中古マンション等,,19201,山梨県,甲府市,中央,金手,5,２ＬＤＫ,45,,,,1975年,ＳＲＣ,住宅,住宅,,,,商業,80.0,400.0,2014年第2四半期,改装済み,,6.531478917042255
19000730,中古マンション等,,19201,山梨県,甲府市,北口,甲府,2,２ＬＤＫ,60,,,,1996年,ＳＲＣ,住宅,住宅,,,,商業,80.0,400.0,2022年第1四半期,未改装,,7.041392685158225
19006734,中古マンション等,,19201,山梨県,甲府市,丸の内,甲府,9,３ＬＤＫ,70,,,,2006年,ＲＣ,住宅,,,,,商業,80.0,400.0,2013年第3四半期,未改装,,7.361727836017593
19004328,中古マンション等,,19201,山梨県,甲府市,南口町,南甲府,2,３ＬＤＫ,75,,,,1999年,ＲＣ,住宅,,,,,１種住居,60.0,200.0,2010年第3四半期,改装済み,,7.113943352306837
19006398,中古マンション等,,19201,山梨県,甲府市,上石田,甲府,28,３ＬＤＫ,70,,,,1990年,ＲＣ,住宅,,,,,１中住専,60.0,200.0,2013年第2四半期,改装済み,,6.959041392321094
19003654,中古マンション等,,19201,山梨県,甲府市,青沼,南甲府,14,３ＬＤＫ,70,,,,2006年,ＲＣ,住宅,,,,,１種住居,60.0,200.0,2010年第3四半期,未改装,,7.146128035678238
19001105,中古マンション等,,19201,山梨県,甲府市,下石田,甲府,30分～60分,３ＬＤＫ,70,,,,1998年,ＲＣ,住宅,住宅,,,,１種住居,60.0,200.0,2022年第4四半期,未改装,,6.845098040014257
19007158,中古マンション等,,19201,山梨県,甲府市,丸の内,甲府,7,３ＬＤＫ,70,,,,2006年,ＲＣ,住宅,,,,,商業,80.0,600.0,2009年第4四半期,未改装,,7.079181246047625
19002015,中古マンション等,,19201,山梨県,甲府市,丸の内,甲府,8,１ＬＤＫ,20,,,,1988年,ＳＲＣ,住宅,住宅,,,,商業,80.0,400.0,2022年第2四半期,未改装,,6.518513939877887
19004309,中古マンション等,,19201,山梨県,甲府市,丸の内,甲府,11,４ＬＤＫ,90,,,,2009年,ＲＣ,住宅,,,,,商業,80.0,400.0,2010年第1四半期,改装済み,,7.414973347970818
19007447,中古マンション等,,19201,山梨県,甲府市,川田町,石和温泉,10,３ＬＤＫ,80,,,,1994年,ＲＣ,住宅,,,,,調整区域,60.0,200.0,2008年第2四半期,未改装,,7.204119982655925
19004298,中古マンション等,,19201,山梨県,甲府市,丸の内,甲府,10,３ＬＤＫ,70,,,,2009年,ＲＣ,住宅,,,,,商業,80.0,400.0,2010年第2四半期,改装済み,,7.278753600952829
19002587,中古マンション等,,19201,山梨県,甲府市,国母,甲府,30分～60分,４ＬＤＫ,90,,,,2008年,ＲＣ,住宅,住宅,,,,２種住居,60.0,200.0,2018年第4四半期,未改装,,7.278753600952829
19005687,中古マンション等,,19201,山梨県,甲府市,中央,甲府,16,２ＬＤＫ,40,,,,1993年,ＳＲＣ,住宅,住宅,,,,商業,80.0,600.0,2016年第4四半期,未改装,,6.7923916894982534
19000978,中古マンション等,,19201,山梨県,甲府市,酒折,酒折,3,２ＬＤＫ,60,,,,1993年,ＲＣ,住宅,住宅,,,,調整区域,60.0,200.0,2023年第1四半期,改装済み,,6.949390006644912
19006805,中古マンション等,,19201,山梨県,甲府市,若松町,甲府,21,３ＬＤＫ,70,,,,2006年,ＲＣ,住宅,,,,,商業,80.0,400.0,2013年第2四半期,未改装,,7.3222192947339195
19004302,中古マンション等,,19201,山梨県,甲府市,丸の内,甲府,8,３ＬＤＫ,70,,,,2010年,ＲＣ,住宅,,,,,商業,80.0,600.0,2010年第2四半期,未改装,,7.380211241711606
19002048,中古マンション等,,19201,山梨県,甲府市,丸の内,甲府,14,２ＬＤＫ,70,,,,2015年,ＲＣ,住宅,住宅,,,,商業,80.0,400.0,2020年第2四半期,未改装,調停・競売等,7.342422680822207
19004262,中古マンション等,,19201,山梨県,甲府市,丸の内,甲府,8,３ＬＤＫ,90,,,,2010年,ＳＲＣ,住宅,,,,,商業,80.0,600.0,2010年第3四半期,未改装,,7.531478917042255
19001316,中古マンション等,,19201,山梨県,甲府市,住吉,南甲府,7,３ＬＤＫ,65,,,,1990年,ＲＣ,,住宅,,,,１種住居,60.0,200.0,2022年第1四半期,,,6.812913356642856
19004078,中古マンション等,,19201,山梨県,甲府市,酒折,酒折,10,１Ｋ,20,,,,1990年,ＲＣ,住宅,,,,,調整区域,60.0,200.0,2010年第3四半期,未改装,,5.954242509439325
19002124,中古マンション等,,19201,山梨県,甲府市,宮前町,甲府,10,３ＬＤＫ,60,,,,1993年,ＲＣ,住宅,住宅,,,,２種住居,60.0,200.0,2021年第4四半期,未改装,,7.113943352306837
19005670,中古マンション等,,19201,山梨県,甲府市,武田,甲府,6,３ＬＤＫ,75,,,,2013年,ＲＣ,住宅,住宅,,,,商業,80.0,400.0,2016年第1四半期,未改装,,7.491361693834273
19005979,中古マンション等,,19201,山梨県,甲府市,貢川本町,甲府,30分～60分,４ＬＤＫ,95,,,,2004年,ＲＣ,住宅,,,,,１種住居,60.0,200.0,2012年第2四半期,未改装,,7.414973347970818
19002050,中古マンション等,,19201,山梨県,甲府市,丸の内,甲府,7,１Ｋ,20,,,,1988年,ＳＲＣ,住宅,住宅,,,,商業,80.0,400.0,2020年第1四半期,未改装,,6.176091259055681
19004105,中古マンション等,,19201,山梨県,甲府市,下飯田,甲府,30分～60分,３ＬＤＫ,65,,,,2009年,ＳＲＣ,住宅,,,,,１種住居,60.0,200.0,2010年第2四半期,改装済み,,7.2552725051033065
19002021,中古マンション等,,19201,山梨県,甲府市,丸の内,甲府,8,,30,,,,,,,住宅,,,,,,,2022年第1四半期,,,6.7160033436347994
19006329,中古マンション等,,19201,山梨県,甲府市,朝日,甲府,8,１Ｋ,20,,,,1988年,ＳＲＣ,住宅,,,,,商業,80.0,400.0,2013年第2四半期,未改装,,6.278753600952829
19004299,中古マンション等,,19201,山梨県,甲府市,丸の内,甲府,8,４ＬＤＫ,125,,,,2010年,ＲＣ,住宅,,,,,商業,80.0,600.0,2010年第2四半期,未改装,,7.690196080028514
19002027,中古マンション等,,19201,山梨県,甲府市,丸の内,甲府,8,１Ｒ,15,,,,1988年,ＳＲＣ,住宅,住宅,,,,商業,80.0,400.0,2021年第4四半期,未改装,,6.204119982655925
19004873,中古マンション等,,19201,山梨県,甲府市,朝日,甲府,5,１ＤＫ,15,,,,1988年,ＳＲＣ,住宅,住宅,,,,商業,80.0,400.0,2015年第1四半期,未改装,,6.230448921378274
19001439,中古マンション等,,19201,山梨県,甲府市,宝,甲府,13,３ＬＤＫ,70,,,,2007年,ＲＣ,,,,,,２種住居,60.0,200.0,2021年第1四半期,未改装,,7.301029995663981
19002606,中古マンション等,,19201,山梨県,甲府市,国母,国母,5,３ＬＤＫ,70,,,,2000年,ＲＣ,,住宅,,,,１種住居,60.0,200.0,2018年第1四半期,未改装,,7.176091259055681
19001752,中古マンション等,,19201,山梨県,甲府市,富竹,甲府,30分～60分,２ＬＤＫ,90,,,,2007年,ＲＣ,住宅,住宅,,,,準工業,60.0,200.0,2023年第3四半期,未改装,,7.431363764158987
19007568,中古マンション等,,19201,山梨県,甲府市,里吉,南甲府,15,３ＬＤＫ,70,,,,1996年,ＲＣ,住宅,,,,,準工業,60.0,200.0,2007年第4四半期,未改装,,6.886490725172482
19007455,中古マンション等,,19201,山梨県,甲府市,北口,甲府,4,１Ｋ,25,,,,1986年,ＳＲＣ,住宅,,,,,商業,80.0,600.0,2007年第2四半期,未改装,,6.544068044350276
19002051,中古マンション等,,19201,山梨県,甲府市,丸の内,甲府,10,３ＬＤＫ,75,,,,2007年,ＲＣ,,,,,,商業,80.0,400.0,2020年第1四半期,未改装,,6.278753600952829
19001023,中古マンション等,,19201,山梨県,甲府市,里吉,南甲府,21,３ＬＤＫ,70,,,,1996年,ＲＣ,住宅,住宅,,,,準工業,60.0,200.0,2022年第2四半期,未改装,,6.977723605288848
19007279,中古マンション等,,19201,山梨県,甲府市,朝日,甲府,6,１Ｋ,15,,,,1988年,ＳＲＣ,住宅,,,,,商業,80.0,400.0,2008年第1四半期,,,6.342422680822207
19004296,中古マンション等,,19201,山梨県,甲府市,丸の内,甲府,10,３ＬＤＫ,80,,,,2009年,ＲＣ,住宅,,,,,商業,80.0,400.0,2010年第2四半期,未改装,,7.342422680822207
19004297,中古マンション等,,19201,山梨県,甲府市,丸の内,甲府,10,３ＬＤＫ,70,,,,2009年,ＲＣ,住宅,,,,,商業,80.0,400.0,2010年第2四半期,未改装,,7.2552725051033065
19000977,中古マンション等,,19201,山梨県,甲府市,酒折,酒折,11,２ＤＫ,45,,,,1992年,ＲＣ,住宅,住宅,,,,調整区域,60.0,200.0,2023年第1四半期,未改装,,6.3979400086720375
19004399,中古マンション等,,19201,山梨県,甲府市,朝日,甲府,8,１Ｋ,15,,,,1988年,ＳＲＣ,住宅,,,,,商業,80.0,400.0,2011年第4四半期,未改装,,6.113943352306837
19001710,中古マンション等,,19201,山梨県,甲府市,徳行,甲府,30分～60分,２ＬＤＫ,65,,,,2020年,ＲＣ,,住宅,,,,準工業,60.0,200.0,2023年第3四半期,未改装,,7.380211241711606
19006230,中古マンション等,,19201,山梨県,甲府市,丸の内,甲府,9,１Ｋ,15,,,,1988年,ＳＲＣ,住宅,,,,,商業,80.0,400.0,2012年第2四半期,未改装,,6.079181246047625
19004077,中古マンション等,,19201,山梨県,甲府市,酒折,酒折,2,１Ｋ,20,,,,1990年,ＲＣ,住宅,,,,,調整区域,50.0,100.0,2010年第4四半期,未改装,,6.146128035678238
19001234,中古マンション等,,19201,山梨県,甲府市,城東,善光寺,7,３ＬＤＫ,60,,,,1991年,ＲＣ,,住宅,,,,準工業,60.0,200.0,2022年第3四半期,未改装,,6.903089986991944
19001444,中古マンション等,,19201,山梨県,甲府市,宝,甲府,13,,75,,,,2007年,ＲＣ,住宅,その他,,,,２種住居,60.0,200.0,2020年第2四半期,未改装,,7.230448921378274
19004306,中古マンション等,,19201,山梨県,甲府市,丸の内,甲府,11,４ＬＤＫ,90,,,,2009年,ＲＣ,住宅,,,,,商業,80.0,400.0,2010年第1四半期,未改装,,7.278753600952829
19002350,中古マンション等,,19201,山梨県,甲府市,若松町,甲府,21,４ＬＤＫ,100,,,,2006年,ＲＣ,住宅,住宅,,,,商業,80.0,400.0,2022年第4四半期,未改装,,7.505149978319906
19004876,中古マンション等,,19201,山梨県,甲府市,朝日,甲府,4,１Ｋ,15,,,,1988年,ＳＲＣ,住宅,住宅,,,,商業,80.0,400.0,2015年第1四半期,,,6.278753600952829
19001084,中古マンション等,,19201,山梨県,甲府市,下飯田,甲府,30分～60分,４ＬＤＫ,90,,,,2007年,ＲＣ,,,,,,１種住居,60.0,200.0,2021年第1四半期,未改装,,7.3222192947339195
19001236,中古マンション等,,19201,山梨県,甲府市,城東,善光寺,7,３ＬＤＫ,60,,,,1991年,ＲＣ,住宅,住宅,,,,準工業,60.0,200.0,2022年第1四半期,改装済み,,6.892094602690481
19002062,中古マンション等,,19201,山梨県,甲府市,丸の内,甲府,8,１Ｋ,20,,,,1988年,ＳＲＣ,住宅,その他,,,,商業,80.0,400.0,2019年第1四半期,,,6.301029995663981
19006116,中古マンション等,,19201,山梨県,甲府市,善光寺,善光寺,8,１Ｋ,15,,,,1991年,鉄骨造,住宅,,,,,１中住専,60.0,200.0,2012年第2四半期,未改装,,5.929418925714293
19004270,中古マンション等,,19201,山梨県,甲府市,丸の内,甲府,8,４ＬＤＫ,70,,,,2010年,ＳＲＣ,住宅,,,,,商業,80.0,600.0,2010年第3四半期,改装済み,,7.414973347970818
19002767,中古マンション等,,19201,山梨県,甲府市,長松寺町,甲府,30分～60分,３ＬＤＫ,80,,,,2015年,ＳＲＣ,,住宅,,,,１中住専,60.0,200.0,2018年第3四半期,未改装,,7.431363764158987
19004481,中古マンション等,,19201,山梨県,甲府市,上石田,甲府,26,３ＬＤＫ,70,,,,1990年,ＲＣ,住宅,,,,,１中住専,60.0,200.0,2011年第1四半期,改装済み,,6.977723605288848
19004653,中古マンション等,,19201,山梨県,甲府市,住吉,南甲府,5,４ＬＤＫ,65,,,,1990年,ＲＣ,住宅,,,,,１種住居,60.0,200.0,2011年第2四半期,改装済み,,7.0
19001373,中古マンション等,,19201,山梨県,甲府市,善光寺,善光寺,8,１Ｋ,15,,,,1991年,ＲＣ,住宅,住宅,,,,１中住専,60.0,200.0,2019年第4四半期,未改装,,6.041392685158225
19004310,中古マンション等,,19201,山梨県,甲府市,丸の内,甲府,11,３ＬＤＫ,75,,,,2009年,ＲＣ,住宅,,,,,商業,80.0,400.0,2010年第1四半期,未改装,,7.3222192947339195
19005576,中古マンション等,,19201,山梨県,甲府市,酒折,酒折,3,１Ｋ,20,,,,1992年,ＲＣ,住宅,,,,,調整区域,60.0,200.0,2016年第4四半期,未改装,,6.0
19005455,中古マンション等,,19201,山梨県,甲府市,若松町,甲府,21,３ＬＤＫ,75,,,,2006年,ＲＣ,住宅,,,,,商業,80.0,400.0,2015年第4四半期,未改装,,7.342422680822207
19007005,中古マンション等,,19201,山梨県,甲府市,里吉,南甲府,14,３ＬＤＫ,70,,,,1996年,ＲＣ,住宅,,,,,準工業,60.0,200.0,2009年第4四半期,未改装,,7.041392685158225
19002353,中古マンション等,,19201,山梨県,甲府市,若松町,甲府,21,２ＬＤＫ,95,,,,2006年,ＲＣ,住宅,住宅,,,,商業,80.0,400.0,2020年第2四半期,未改装,,7.342422680822207
19000131,中古マンション等,,19201,山梨県,甲府市,朝日,甲府,3,３ＬＤＫ,90,,,,,,住宅,住宅,,,,商業,80.0,400.0,2023年第1四半期,,,7.707570176097937
19004321,中古マンション等,,19201,山梨県,甲府市,丸の内,甲府,11,３ＬＤＫ,80,,,,2009年,ＲＣ,住宅,,,,,商業,80.0,400.0,2010年第1四半期,未改装,,7.361727836017593
19005354,中古マンション等,,19201,山梨県,甲府市,宮前町,甲府,11,３ＬＤＫ,65,,,,1993年,ＲＣ,住宅,住宅,,,,２種住居,60.0,200.0,2015年第2四半期,未改装,,7.079181246047625
19004398,中古マンション等,,19201,山梨県,甲府市,朝日,甲府,5,１Ｋ,15,,,,1988年,ＳＲＣ,住宅,,,,,商業,80.0,400.0,2011年第4四半期,改装済み,,6.2552725051033065
19000021,中古マンション等,,19201,山梨県,甲府市,相生,甲府,15,３ＬＤＫ,70,,,,2019年,ＲＣ,住宅,住宅,,,,商業,80.0,400.0,2021年第2四半期,未改装,,7.477121254719663
19001447,中古マンション等,,19201,山梨県,甲府市,宝,甲府,13,３ＬＤＫ,95,,,,2007年,ＲＣ,住宅,住宅,,,,２種住居,60.0,200.0,2019年第3四半期,未改装,,7.518513939877887
19003773,中古マンション等,,19201,山梨県,甲府市,中央,金手,4,２ＤＫ,45,,,,1975年,ＳＲＣ,住宅,住宅,,,,商業,80.0,400.0,2014年第4四半期,改装済み,,6.544068044350276
19002012,中古マンション等,,19201,山梨県,甲府市,丸の内,甲府,6,３ＬＤＫ,75,,,,,,,住宅,,,,,,,2022年第3四半期,改装済み,,7.3979400086720375
19006997,中古マンション等,,19201,山梨県,甲府市,酒折,酒折,11,１Ｋ,20,,,,1992年,ＲＣ,住宅,,,,,調整区域,,,2009年第4四半期,改装済み,,6.146128035678238
19003439,中古マンション等,,19201,山梨県,甲府市,貢川本町,甲府,30分～60分,３ＬＤＫ,70,,,,2004年,ＲＣ,住宅,住宅,,,,１種住居,60.0,200.0,2014年第4四半期,未改装,,7.2552725051033065
19006586,中古マンション等,,19201,山梨県,甲府市,城東,善光寺,6,２ＬＤＫ,50,,,,1991年,ＲＣ,住宅,,,,,準工業,60.0,200.0,2013年第1四半期,改装済み,,6.740362689494244
19004286,中古マンション等,,19201,山梨県,甲府市,丸の内,甲府,9,３ＬＤＫ,95,,,,2010年,ＲＣ,住宅,,,,,商業,80.0,600.0,2010年第3四半期,,,7.568201724066995
19006115,中古マンション等,,19201,山梨県,甲府市,善光寺,善光寺,7,１ＤＫ,15,,,,1991年,鉄骨造,住宅,,,,,１中住専,60.0,200.0,2012年第2四半期,,,5.845098040014257
19007054,中古マンション等,,19201,山梨県,甲府市,住吉,南甲府,5,３ＬＤＫ,55,,,,1990年,ＲＣ,住宅,,,,,１種住居,60.0,200.0,2009年第4四半期,改装済み,,6.799340549453582
19002424,中古マンション等,,19201,山梨県,甲府市,朝日,甲府,7,１Ｋ,15,,,,1988年,ＳＲＣ,住宅,事務所,,,,商業,80.0,400.0,2018年第1四半期,改装済み,,6.176091259055681
19006447,中古マンション等,,19201,山梨県,甲府市,川田町,石和温泉,10,３ＬＤＫ,50,,,,1994年,ＲＣ,住宅,,,,,調整区域,,,2013年第1四半期,改装済み,,6.785329835010767
19004284,中古マンション等,,19201,山梨県,甲府市,丸の内,甲府,9,３ＬＤＫ,95,,,,2010年,ＲＣ,住宅,,,,,商業,80.0,600.0,2010年第3四半期,改装済み,,7.544068044350276
19005063,中古マンション等,,19201,山梨県,甲府市,幸町,南甲府,8,３ＬＤＫ,70,,,,2005年,ＲＣ,住宅,住宅,,,,準工業,60.0,200.0,2015年第4四半期,未改装,,7.301029995663981
19005033,中古マンション等,,19201,山梨県,甲府市,国母,甲府,30分～60分,２ＤＫ,50,,,,1974年,ＲＣ,住宅,住宅,,,,１種住居,60.0,200.0,2015年第3四半期,改装済み,,6.4623979978989565
19007496,中古マンション等,,19201,山梨県,甲府市,国母,甲府,30分～60分,３ＬＤＫ,80,,,,1998年,ＲＣ,住宅,,,,,１種住居,60.0,200.0,2008年第3四半期,改装済み,,7.146128035678238
19004641,中古マンション等,,19201,山梨県,甲府市,城東,善光寺,5,３ＬＤＫ,75,,,,1991年,ＲＣ,住宅,,,,,準工業,60.0,200.0,2011年第2四半期,改装済み,,6.929418925714293
19004866,中古マンション等,,19201,山梨県,甲府市,朝日,甲府,8,１Ｋ,20,,,,,ＳＲＣ,住宅,住宅,,,,商業,80.0,400.0,2015年第4四半期,,,6.301029995663981
19005319,中古マンション等,,19201,山梨県,甲府市,丸の内,甲府,4,３ＬＤＫ,95,,,,2007年,ＲＣ,住宅,その他,,,,商業,80.0,600.0,2015年第4四半期,未改装,,7.531478917042255
19005724,中古マンション等,,19201,山梨県,甲府市,富竹,甲府,30分～60分,３ＬＤＫ,90,,,,,ＲＣ,住宅,住宅,,,,準工業,60.0,200.0,2016年第1四半期,未改装,,7.301029995663981
19001242,中古マンション等,,19201,山梨県,甲府市,城東,善光寺,5,４ＬＤＫ,85,,,,1991年,ＲＣ,住宅,住宅,,,,準工業,60.0,200.0,2020年第4四半期,改装済み,,6.973127853599698
19004315,中古マンション等,,19201,山梨県,甲府市,丸の内,甲府,11,３ＬＤＫ,75,,,,2009年,ＲＣ,住宅,,,,,商業,80.0,400.0,2010年第1四半期,未改装,,7.3222192947339195
19005329,中古マンション等,,19201,山梨県,甲府市,丸の内,甲府,8,３ＬＤＫ,95,,,,2010年,ＲＣ,住宅,住宅,,,,商業,80.0,600.0,2015年第1四半期,未改装,,7.568201724066995
19000066,中古マンション等,,19201,山梨県,甲府市,青沼,南甲府,14,３ＬＤＫ,70,,,,,ＲＣ,住宅,住宅,,,,１種住居,60.0,200.0,2021年第1四半期,未改装,,7.204119982655925
19000721,中古マンション等,,19201,山梨県,甲府市,北口,甲府,2,１Ｋ,25,,,,1986年,ＳＲＣ,住宅,その他,,,,商業,80.0,600.0,2023年第3四半期,,,6.544068044350276
19003447,中古マンション等,,19201,山梨県,甲府市,丸の内,甲府,4,３ＬＤＫ,75,,,,2007年,ＲＣ,住宅,住宅,,,,商業,80.0,600.0,2017年第3四半期,未改装,,7.491361693834273
19001374,中古マンション等,,19201,山梨県,甲府市,善光寺,善光寺,8,１Ｋ,15,,,,1991年,鉄骨造,,住宅,,,,１中住専,60.0,200.0,2019年第3四半期,未改装,,6.041392685158225
19003009,中古マンション等,,19201,山梨県,甲府市,川田町,石和温泉,10,２ＬＤＫ,40,,,,1994年,ＲＣ,住宅,,,,,調整区域,70.0,400.0,2017年第3四半期,改装済み,,6.863322860120456
19005690,中古マンション等,,19201,山梨県,甲府市,中央,甲府,18,３ＤＫ,55,,,,1989年,ＳＲＣ,住宅,住宅,,,,商業,80.0,400.0,2016年第3四半期,未改装,,6.968482948553935
19004178,中古マンション等,,19201,山梨県,甲府市,中央,甲府,16,２ＤＫ,40,,,,1993年,ＳＲＣ,住宅,,,,,商業,80.0,600.0,2010年第4四半期,改装済み,,6.832508912706237
19003817,中古マンション等,,19201,山梨県,甲府市,中央,甲府,18,２ＤＫ,45,,,,1993年,ＳＲＣ,住宅,,,,,商業,80.0,600.0,2014年第3四半期,未改装,,6.8750612633917
19006611,中古マンション等,,19201,山梨県,甲府市,善光寺,善光寺,8,１Ｋ,15,,,,1991年,鉄骨造,住宅,,,,,１中住専,60.0,200.0,2013年第3四半期,改装済み,,6.041392685158225
19001457,中古マンション等,,19201,山梨県,甲府市,武田,甲府,6,４ＬＤＫ,80,,,,2013年,ＲＣ,住宅,住宅,,,,商業,80.0,400.0,2023年第1四半期,未改装,,7.556302500767287
19004658,中古マンション等,,19201,山梨県,甲府市,善光寺,善光寺,8,１Ｒ,15,,,,1991年,鉄骨造,住宅,,,,,１中住専,60.0,200.0,2011年第3四半期,未改装,,5.698970004336019
19000025,中古マンション等,,19201,山梨県,甲府市,相生,甲府,15,３ＬＤＫ,75,,,,2019年,ＲＣ,住宅,住宅,,,,商業,80.0,400.0,2021年第2四半期,未改装,,7.505149978319906
19003952,中古マンション等,,19201,山梨県,甲府市,丸の内,甲府,3,,80,,,,2007年,ＲＣ,住宅,住宅,,,,商業,80.0,600.0,2014年第4四半期,改装済み,,7.301029995663981
19007179,中古マンション等,,19201,山梨県,甲府市,南口町,南甲府,2,３ＬＤＫ,75,,,,1999年,ＲＣ,住宅,,,,,１種住居,60.0,200.0,2009年第3四半期,未改装,,6.342422680822207
19003508,中古マンション等,,19201,山梨県,甲府市,宮前町,甲府,11,３ＬＤＫ,55,,,,1993年,ＲＣ,住宅,住宅,,,,２種住居,60.0,200.0,2017年第2四半期,未改装,,6.986771734266245
19005290,中古マンション等,,19201,山梨県,甲府市,朝日,甲府,7,１Ｋ,15,,,,1988年,ＳＲＣ,住宅,住宅,,,,商業,80.0,400.0,2016年第4四半期,未改装,,6.204119982655925
19002011,中古マンション等,,19201,山梨県,甲府市,丸の内,甲府,10,３ＬＤＫ,80,,,,2009年,ＲＣ,住宅,住宅,,,,商業,80.0,400.0,2022年第3四半期,未改装,,7.342422680822207
19004316,中古マンション等,,19201,山梨県,甲府市,丸の内,甲府,10,３ＬＤＫ,75,,,,1946年,ＲＣ,住宅,,,,,商業,80.0,400.0,2010年第1四半期,未改装,,7.342422680822207
19000142,中古マンション等,,19201,山梨県,甲府市,朝日,甲府,4,１Ｋ,15,,,,1988年,ＳＲＣ,住宅,その他,,,,商業,80.0,600.0,2021年第1四半期,未改装,,6.204119982655925
19007282,中古マンション等,,19201,山梨県,甲府市,朝日,甲府,6,１Ｋ,15,,,,1988年,ＳＲＣ,住宅,,,,,商業,80.0,600.0,2007年第4四半期,未改装,,6.301029995663981
19007007,中古マンション等,,19201,山梨県,甲府市,里吉,南甲府,16,３ＬＤＫ,70,,,,1996年,ＲＣ,住宅,,,,,準工業,60.0,200.0,2009年第3四半期,未改装,,7.0
19001069,中古マンション等,,19201,山梨県,甲府市,下飯田,甲府,28,３ＬＤＫ,85,,,,2009年,ＳＲＣ,住宅,住宅,,,,１種住居,60.0,200.0,2023年第3四半期,改装済み,,7.3979400086720375
19004711,中古マンション等,,19201,山梨県,甲府市,中央,甲府,16,１Ｋ,20,,,,1993年,ＳＲＣ,住宅,,,,,商業,80.0,600.0,2011年第1四半期,改装済み,,6.477121254719663
19006491,中古マンション等,,19201,山梨県,甲府市,国母,甲府,30分～60分,２ＬＤＫ,50,,,,1974年,ＲＣ,住宅,,,,,１種住居,60.0,200.0,2013年第1四半期,未改装,,6.3979400086720375
19007450,中古マンション等,,19201,山梨県,甲府市,川田町,石和温泉,10,１ＬＤＫ,35,,,,1994年,ＲＣ,住宅,,,,,調整区域,60.0,200.0,2007年第4四半期,未改装,,6.8512583487190755
19002640,中古マンション等,,19201,山梨県,甲府市,里吉,南甲府,15,３ＬＤＫ,70,,,,1996年,ＲＣ,住宅,住宅,,,,準工業,60.0,200.0,2018年第4四半期,未改装,,7.041392685158225
19000692,中古マンション等,,19201,山梨県,甲府市,川田町,石和温泉,10,２ＬＤＫ,50,,,,1994年,ＳＲＣ,住宅,住宅,,,,調整区域,70.0,400.0,2023年第2四半期,,,7.041392685158225
19000702,中古マンション等,,19201,山梨県,甲府市,川田町,石和温泉,10,,40,,,,1994年,ＲＣ,住宅,住宅,,,,調整区域,70.0,400.0,2021年第3四半期,改装済み,,6.698970004336019
19004665,中古マンション等,,19201,山梨県,甲府市,高畑,甲府,30分～60分,４ＬＤＫ,95,,,,2006年,ＲＣ,住宅,,,,,１種住居,60.0,200.0,2011年第3四半期,未改装,,7.361727836017593
19003013,中古マンション等,,19201,山梨県,甲府市,川田町,石和温泉,10,２ＤＫ,40,,,,1994年,ＲＣ,住宅,住宅,,,,調整区域,70.0,400.0,2017年第1四半期,改装済み,,6.845098040014257
19007165,中古マンション等,,19201,山梨県,甲府市,丸の内,甲府,11,３ＬＤＫ,80,,,,2009年,ＲＣ,住宅,,,,,商業,80.0,400.0,2009年第4四半期,未改装,,7.3979400086720375
19003015,中古マンション等,,19201,山梨県,甲府市,北口,甲府,3,１Ｋ,30,,,,1986年,ＳＲＣ,住宅,事務所,,,,商業,80.0,600.0,2017年第4四半期,未改装,,6.447158031342219
19007283,中古マンション等,,19201,山梨県,甲府市,朝日,甲府,6,１Ｋ,15,,,,1988年,ＳＲＣ,住宅,,,,,商業,80.0,600.0,2007年第4四半期,未改装,,6.342422680822207
19004314,中古マンション等,,19201,山梨県,甲府市,丸の内,甲府,11,３ＬＤＫ,75,,,,2009年,ＲＣ,住宅,,,,,商業,80.0,400.0,2010年第1四半期,改装済み,,7.3222192947339195
19002054,中古マンション等,,19201,山梨県,甲府市,丸の内,甲府,8,１Ｋ,15,,,,1988年,ＳＲＣ,,その他,,,,商業,80.0,400.0,2019年第4四半期,未改装,,6.3222192947339195
19004449,中古マンション等,,19201,山梨県,甲府市,大里町,国母,30分～60分,２ＬＤＫ,60,,,,1994年,ＲＣ,住宅,,,,,２中住専,60.0,200.0,2011年第3四半期,改装済み,,6.963787827345556
19004303,中古マンション等,,19201,山梨県,甲府市,丸の内,甲府,9,３ＬＤＫ,100,,,,2010年,ＲＣ,住宅,,,,,商業,80.0,600.0,2010年第2四半期,改装済み,,7.491361693834273
19001631,中古マンション等,,19201,山梨県,甲府市,中央,甲府,15,２ＬＤＫ,45,,,,1975年,ＳＲＣ,住宅,住宅,,,,商業,80.0,400.0,2020年第2四半期,改装済み,,6.518513939877887
19000157,中古マンション等,,19201,山梨県,甲府市,朝日,甲府,6,１Ｋ,15,,,,1988年,ＳＲＣ,住宅,住宅,,,,商業,80.0,400.0,2019年第2四半期,改装済み,,6.2552725051033065
19006963,中古マンション等,,19201,山梨県,甲府市,国母,甲府,30分～60分,３ＬＤＫ,60,,,,1974年,ＲＣ,住宅,,,,,１種住居,60.0,200.0,2009年第2四半期,未改装,,6.361727836017593
19006444,中古マンション等,,19201,山梨県,甲府市,川田町,石和温泉,13,１ＤＫ,35,,,,1994年,ＲＣ,住宅,,,,,調整区域,70.0,400.0,2013年第4四半期,改装済み,,6.672097857935717
19003452,中古マンション等,,19201,山梨県,甲府市,丸の内,甲府,9,３ＬＤＫ,70,,,,2007年,ＲＣ,住宅,住宅,,,,商業,80.0,400.0,2017年第2四半期,未改装,,7.342422680822207
19006236,中古マンション等,,19201,山梨県,甲府市,丸の内,甲府,9,３ＬＤＫ,75,,,,2006年,ＲＣ,住宅,,,,,商業,,,2012年第1四半期,未改装,,7.414973347970818
19004637,中古マンション等,,19201,山梨県,甲府市,城東,甲府,26,３ＬＤＫ,55,,,,1993年,ＲＣ,住宅,,,,,２種住居,60.0,200.0,2011年第2四半期,未改装,,6.799340549453582
19006962,中古マンション等,,19201,山梨県,甲府市,国母,甲府,30分～60分,３ＬＤＫ,75,,,,1998年,ＲＣ,住宅,,,,,１種住居,60.0,200.0,2009年第2四半期,未改装,,7.041392685158225
19001620,中古マンション等,,19201,山梨県,甲府市,中央,甲府,18,３ＬＤＫ,60,,,,1989年,ＳＲＣ,住宅,住宅,,,,商業,80.0,200.0,2020年第4四半期,改装済み,,6.977723605288848
19001372,中古マンション等,,19201,山梨県,甲府市,善光寺,善光寺,8,,15,,,,1991年,ＲＣ,住宅,住宅,,,,１中住専,60.0,200.0,2020年第1四半期,未改装,,6.698970004336019
19001573,中古マンション等,,19201,山梨県,甲府市,中央,甲府,13,１ＬＤＫ,55,,,,2018年,ＲＣ,住宅,住宅,,,,商業,80.0,600.0,2023年第2四半期,未改装,,7.477121254719663
19003779,中古マンション等,,19201,山梨県,甲府市,中央,金手,4,２ＤＫ,45,,,,1975年,ＳＲＣ,住宅,,,,,商業,80.0,400.0,2014年第1四半期,改装済み,,6.491361693834273
19000699,中古マンション等,,19201,山梨県,甲府市,川田町,石和温泉,10,２ＬＤＫ,60,,,,1994年,ＳＲＣ,住宅,住宅,,,,調整区域,70.0,400.0,2022年第1四半期,未改装,,7.079181246047625
19004608,中古マンション等,,19201,山梨県,甲府市,下飯田,甲府,29,４ＬＤＫ,80,,,,2007年,ＲＣ,住宅,,,,,１種住居,60.0,200.0,2011年第4四半期,未改装,,7.361727836017593
19003497,中古マンション等,,19201,山梨県,甲府市,南口町,南甲府,3,３ＬＤＫ,75,,,,1999年,ＲＣ,住宅,住宅,,,,１種住居,60.0,200.0,2017年第4四半期,改装済み,,7.176091259055681
19007354,中古マンション等,,19201,山梨県,甲府市,大里町,国母,24,３ＬＤＫ,65,,,,1994年,ＲＣ,住宅,,,,,２中住専,60.0,200.0,2007年第2四半期,改装済み,,7.041392685158225
19006081,中古マンション等,,19201,山梨県,甲府市,城東,善光寺,5,３ＬＤＫ,70,,,,1991年,ＲＣ,住宅,,,,,準工業,60.0,200.0,2012年第2四半期,未改装,,6.799340549453582
19003958,中古マンション等,,19201,山梨県,甲府市,丸の内,甲府,8,１Ｋ,15,,,,1988年,ＳＲＣ,住宅,住宅,,,,商業,80.0,400.0,2014年第3四半期,未改装,,6.176091259055681
19007812,中古マンション等,,19201,山梨県,甲府市,丸の内,甲府,7,３ＬＤＫ,70,,,,2006年,ＲＣ,住宅,,,,,商業,80.0,600.0,2008年第4四半期,未改装,,7.278753600952829
19003565,中古マンション等,,19201,山梨県,甲府市,酒折,酒折,2,４ＬＤＫ,70,,,,1993年,ＲＣ,住宅,,,,,調整区域,,,2014年第1四半期,未改装,,6.724275869600789
19007563,中古マンション等,,19201,山梨県,甲府市,里吉,南甲府,19,３ＬＤＫ,70,,,,1996年,ＲＣ,住宅,,,,,準工業,60.0,200.0,2008年第2四半期,改装済み,,6.845098040014257
19001582,中古マンション等,,19201,山梨県,甲府市,中央,甲府,18,１Ｋ,20,,,,1993年,ＳＲＣ,住宅,住宅,,,,商業,80.0,600.0,2022年第3四半期,未改装,調停・競売等,6.568201724066995
19005580,中古マンション等,,19201,山梨県,甲府市,酒折,酒折,7,１Ｋ,20,,,,,ＲＣ,住宅,住宅,,,,調整区域,,,2016年第2四半期,,,6.2552725051033065
19005109,中古マンション等,,19201,山梨県,甲府市,城東,金手,11,３ＬＤＫ,55,,,,1993年,ＲＣ,住宅,,,,,２種住居,60.0,200.0,2015年第3四半期,,,6.544068044350276
19004869,中古マンション等,,19201,山梨県,甲府市,朝日,甲府,8,１Ｋ,15,,,,1988年,ＳＲＣ,住宅,住宅,,,,商業,80.0,400.0,2015年第2四半期,,,6.113943352306837
19004177,中古マンション等,,19201,山梨県,甲府市,中央,甲府,18,１Ｋ,20,,,,1993年,ＳＲＣ,住宅,,,,,商業,,,2010年第4四半期,改装済み,,6.4623979978989565
19004313,中古マンション等,,19201,山梨県,甲府市,丸の内,甲府,11,３ＬＤＫ,75,,,,2009年,ＲＣ,住宅,,,,,商業,80.0,400.0,2010年第1四半期,未改装,,7.3222192947339195
19006543,中古マンション等,,19201,山梨県,甲府市,里吉,南甲府,15,３ＬＤＫ,70,,,,1996年,ＲＣ,住宅,,,,,準工業,60.0,200.0,2013年第3四半期,改装済み,,7.113943352306837
19002127,中古マンション等,,19201,山梨県,甲府市,宮前町,甲府,10,３ＬＤＫ,60,,,,1993年,ＲＣ,住宅,住宅,,,,２種住居,60.0,200.0,2020年第2四半期,,,7.146128035678238
19003503,中古マンション等,,19201,山梨県,甲府市,国母,甲府,30分～60分,１Ｒ,55,,,,1974年,ＲＣ,住宅,住宅,,,,１種住居,60.0,200.0,2014年第2四半期,未改装,,6.301029995663981
19000733,中古マンション等,,19201,山梨県,甲府市,北口,甲府,2,１ＬＤＫ,40,,,,1986年,ＳＲＣ,住宅,住宅,,,,商業,80.0,600.0,2021年第4四半期,改装済み,,6.380211241711606
19003260,中古マンション等,,19201,山梨県,甲府市,中央,金手,9,３ＬＤＫ,65,,,,1989年,ＳＲＣ,住宅,住宅,,,,商業,80.0,400.0,2017年第4四半期,未改装,,7.041392685158225
19006061,中古マンション等,,19201,山梨県,甲府市,下石田,甲府,30分～60分,３ＬＤＫ,70,,,,1998年,ＲＣ,住宅,,,,,１種住居,60.0,200.0,2012年第3四半期,改装済み,,7.176091259055681
19000022,中古マンション等,,19201,山梨県,甲府市,相生,甲府,14,３ＬＤＫ,85,,,,,,,住宅,,,,,,,2021年第2四半期,未改装,,7.568201724066995
19006278,中古マンション等,,19201,山梨県,甲府市,湯村,甲府,30分～60分,４ＬＤＫ,85,,,,2004年,ＳＲＣ,住宅,,,,,商業,80.0,400.0,2012年第2四半期,未改装,,7.3222192947339195
19006846,中古マンション等,,19201,山梨県,甲府市,朝日,甲府,6,１Ｋ,20,,,,1988年,ＳＲＣ,住宅,,,,,商業,80.0,400.0,2009年第1四半期,未改装,,6.204119982655925
19004559,中古マンション等,,19201,山梨県,甲府市,国母,国母,6,３ＬＤＫ,70,,,,2000年,ＲＣ,住宅,,,,,１種住居,60.0,200.0,2011年第4四半期,改装済み,,6.176091259055681
19006981,中古マンション等,,19201,山梨県,甲府市,国母,国母,30分～60分,２ＬＤＫ,55,,,,1974年,ＲＣ,住宅,,,,,１種住居,60.0,200.0,2009年第2四半期,改装済み,,6.633468455579586
19000023,中古マンション等,,19201,山梨県,甲府市,相生,甲府,15,３ＬＤＫ,85,,,,2019年,ＲＣ,住宅,住宅,,,,商業,80.0,400.0,2021年第2四半期,未改装,,7.518513939877887
19001475,中古マンション等,,19201,山梨県,甲府市,武田,甲府,7,３ＬＤＫ,70,,,,2013年,ＲＣ,,住宅,,,,商業,80.0,400.0,2020年第2四半期,未改装,,7.447158031342219
19005653,中古マンション等,,19201,山梨県,甲府市,善光寺,善光寺,8,１Ｋ,15,,,,1991年,鉄骨造,住宅,住宅,,,,１中住専,60.0,200.0,2016年第1四半期,未改装,,5.778151250383644
19004829,中古マンション等,,19201,山梨県,甲府市,湯村,甲府,30分～60分,４ＬＤＫ,85,,,,2004年,ＳＲＣ,住宅,,,,,商業,80.0,400.0,2011年第3四半期,未改装,,7.176091259055681
19004273,中古マンション等,,19201,山梨県,甲府市,丸の内,甲府,8,３ＬＤＫ,80,,,,2010年,ＲＣ,住宅,,,,,商業,80.0,600.0,2010年第3四半期,未改装,,7.518513939877887
19007024,中古マンション等,,19201,山梨県,甲府市,下石田,甲府,30分～60分,３ＬＤＫ,70,,,,1998年,ＲＣ,住宅,,,,,１種住居,60.0,200.0,2009年第2四半期,未改装,,7.113943352306837
19000078,中古マンション等,,19201,山梨県,甲府市,青葉町,南甲府,13,２ＬＤＫ,70,,,,1991年,ＲＣ,住宅,その他,,,,工業,60.0,200.0,2020年第4四半期,改装済み,,6.698970004336019
19007159,中古マンション等,,19201,山梨県,甲府市,丸の内,甲府,11,３ＬＤＫ,70,,,,2009年,ＲＣ,住宅,,,,,商業,80.0,400.0,2009年第4四半期,未改装,,7.301029995663981
19003108,中古マンション等,,19201,山梨県,甲府市,下石田,甲府,30分～60分,３ＬＤＫ,65,,,,,ＲＣ,住宅,住宅,,,,１種住居,60.0,200.0,2017年第2四半期,未改装,,6.8512583487190755
19003268,中古マンション等,,19201,山梨県,甲府市,大里町,国母,26,２ＬＤＫ,65,,,,1994年,ＲＣ,住宅,住宅,,,,２中住専,60.0,200.0,2014年第2四半期,改装済み,,7.2552725051033065
19003046,中古マンション等,,19201,山梨県,甲府市,国母,国母,5,３ＬＤＫ,70,,,,2000年,ＲＣ,住宅,住宅,,,,１種住居,60.0,200.0,2017年第2四半期,未改装,,7.204119982655925
19007503,中古マンション等,,19201,山梨県,甲府市,国母,甲府,30分～60分,２ＬＤＫ,55,,,,1974年,ＲＣ,住宅,,,,,１種住居,60.0,200.0,2007年第4四半期,未改装,,6.544068044350276
19003194,中古マンション等,,19201,山梨県,甲府市,善光寺,善光寺,8,１Ｋ,20,,,,1991年,鉄骨造,住宅,住宅,,,,１中住専,60.0,200.0,2017年第2四半期,改装済み,,6.176091259055681
19004317,中古マンション等,,19201,山梨県,甲府市,丸の内,甲府,11,３ＬＤＫ,70,,,,2009年,ＲＣ,住宅,,,,,商業,80.0,400.0,2010年第1四半期,未改装,,7.2552725051033065
19002129,中古マンション等,,19201,山梨県,甲府市,宮前町,甲府,10,３ＬＤＫ,55,,,,1993年,ＲＣ,住宅,住宅,,,,２種住居,60.0,200.0,2019年第3四半期,未改装,,7.113943352306837
19007160,中古マンション等,,19201,山梨県,甲府市,丸の内,甲府,11,３ＬＤＫ,70,,,,2009年,ＲＣ,住宅,,,,,商業,80.0,400.0,2009年第4四半期,未改装,,7.278753600952829
19003683,中古マンション等,,19201,山梨県,甲府市,朝日,甲府,8,１Ｋ,15,,,,1988年,ＳＲＣ,住宅,,,,,商業,80.0,400.0,2010年第3四半期,未改装,,6.204119982655925
19005334,中古マンション等,,19201,山梨県,甲府市,伊勢,甲府,29,２ＬＤＫ,60,,,,1990年,ＲＣ,住宅,住宅,,,,１種住居,60.0,200.0,2016年第2四半期,改装済み,,6.845098040014257
19001329,中古マンション等,,19201,山梨県,甲府市,住吉,南甲府,6,３ＬＤＫ,65,,,,1990年,ＲＣ,住宅,住宅,,,,１種住居,60.0,200.0,2020年第1四半期,改装済み,,6.799340549453582
19000774,中古マンション等,,19201,山梨県,甲府市,貢川本町,甲府,30分～60分,,70,,,,2004年,ＲＣ,住宅,事務所,,,,１種住居,60.0,200.0,2019年第2四半期,,,7.2552725051033065
19007816,中古マンション等,,19201,山梨県,甲府市,丸の内,甲府,6,１Ｋ,15,,,,1988年,ＳＲＣ,住宅,,,,,商業,80.0,400.0,2008年第3四半期,未改装,,6.230448921378274
19000036,中古マンション等,,19201,山梨県,甲府市,相生,甲府,16,３ＬＤＫ,75,,,,2019年,ＲＣ,住宅,住宅,,,,商業,80.0,400.0,2020年第3四半期,改装済み,,7.477121254719663
19004520,中古マンション等,,19201,山梨県,甲府市,川田町,石和温泉,10,１ＤＫ,35,,,,1994年,ＲＣ,住宅,,,,,調整区域,,,2011年第1四半期,未改装,,6.3979400086720375
19007615,中古マンション等,,19201,山梨県,甲府市,城東,金手,9,３ＬＤＫ,55,,,,1993年,ＲＣ,住宅,,,,,２種住居,60.0,200.0,2008年第4四半期,未改装,,6.929418925714293
19007505,中古マンション等,,19201,山梨県,甲府市,国母,甲府,30分～60分,３ＬＤＫ,75,,,,1998年,ＲＣ,住宅,,,,,１種住居,60.0,200.0,2007年第3四半期,未改装,,7.176091259055681
19001590,中古マンション等,,19201,山梨県,甲府市,中央,甲府,11,２ＬＤＫ,55,,,,2018年,ＲＣ,,住宅,,,,商業,80.0,600.0,2022年第2四半期,未改装,,7.3979400086720375
19007701,中古マンション等,,19201,山梨県,甲府市,中央,甲府,16,１Ｋ,15,,,,1993年,ＳＲＣ,住宅,,,,,商業,80.0,600.0,2008年第3四半期,未改装,,6.4623979978989565
19002644,中古マンション等,,19201,山梨県,甲府市,里吉,南甲府,15,３ＬＤＫ,70,,,,1996年,ＲＣ,,住宅,,,,準工業,60.0,200.0,2018年第2四半期,未改装,,7.079181246047625
19004274,中古マンション等,,19201,山梨県,甲府市,丸の内,甲府,8,３ＬＤＫ,70,,,,2010年,ＳＲＣ,住宅,,,,,商業,80.0,600.0,2010年第3四半期,改装済み,,7.431363764158987
19006120,中古マンション等,,19201,山梨県,甲府市,高畑,甲府,29,３ＬＤＫ,95,,,,2002年,ＲＣ,住宅,,,,,２種住居,60.0,200.0,2012年第1四半期,未改装,,7.3979400086720375
19006111,中古マンション等,,19201,山梨県,甲府市,住吉,南甲府,5,,65,,,,1990年,ＲＣ,住宅,,,,,１種住居,60.0,200.0,2012年第1四半期,未改装,,6.724275869600789
19004550,中古マンション等,,19201,山梨県,甲府市,国母,甲府,30分～60分,３ＬＤＫ,50,,,,1974年,ＲＣ,住宅,,,,,１種住居,60.0,200.0,2011年第4四半期,未改装,,6.3979400086720375
19005524,中古マンション等,,19201,山梨県,甲府市,北口,甲府,3,１Ｋ,25,,,,1986年,ＳＲＣ,住宅,事務所,,,,商業,80.0,600.0,2016年第2四半期,未改装,,6.477121254719663
19007625,中古マンション等,,19201,山梨県,甲府市,城東,甲府,26,２ＬＤＫ,60,,,,1993年,ＲＣ,住宅,,,,,２種住居,60.0,200.0,2008年第1四半期,改装済み,,6.913813852383717
19002028,中古マンション等,,19201,山梨県,甲府市,丸の内,甲府,8,３ＬＤＫ,80,,,,2010年,ＳＲＣ,住宅,住宅,,,,商業,80.0,600.0,2021年第4四半期,未改装,,7.505149978319906
19002022,中古マンション等,,19201,山梨県,甲府市,丸の内,甲府,4,２ＤＫ,65,,,,2007年,ＲＣ,住宅,住宅,,,,商業,80.0,600.0,2022年第1四半期,改装済み,,7.041392685158225
19005823,中古マンション等,,19201,山梨県,甲府市,若松町,甲府,21,３ＬＤＫ,95,,,,2006年,ＲＣ,住宅,住宅,,,,商業,80.0,400.0,2016年第3四半期,改装済み,,7.3979400086720375
19006529,中古マンション等,,19201,山梨県,甲府市,幸町,南甲府,9,３ＬＤＫ,70,,,,1997年,ＲＣ,住宅,,,,,準工業,60.0,200.0,2013年第3四半期,未改装,,6.892094602690481
19001621,中古マンション等,,19201,山梨県,甲府市,中央,甲府,16,１Ｋ,20,,,,1993年,ＳＲＣ,住宅,住宅,,,,商業,80.0,600.0,2020年第4四半期,未改装,,6.544068044350276
19000039,中古マンション等,,19201,山梨県,甲府市,相生,甲府,14,３ＬＤＫ,85,,,,,,,住宅,,,,,,,2020年第2四半期,,,7.531478917042255
19000711,中古マンション等,,19201,山梨県,甲府市,川田町,石和温泉,10,３ＬＤＫ,85,,,,1994年,ＳＲＣ,住宅,住宅,,,,調整区域,70.0,400.0,2020年第1四半期,未改装,,7.113943352306837
19004279,中古マンション等,,19201,山梨県,甲府市,丸の内,甲府,8,３ＬＤＫ,90,,,,2010年,ＳＲＣ,住宅,,,,,商業,80.0,600.0,2010年第3四半期,未改装,,7.477121254719663
19007275,中古マンション等,,19201,山梨県,甲府市,朝日,甲府,8,１Ｋ,15,,,,1988年,ＳＲＣ,住宅,,,,,商業,80.0,400.0,2008年第4四半期,改装済み,,6.301029995663981
19005519,中古マンション等,,19201,山梨県,甲府市,北口,甲府,3,２ＬＤＫ,45,,,,1996年,ＳＲＣ,住宅,住宅,,,,商業,80.0,400.0,2016年第3四半期,未改装,,7.041392685158225
19007628,中古マンション等,,19201,山梨県,甲府市,城東,善光寺,6,２ＤＫ,40,,,,1991年,ＲＣ,住宅,,,,,準工業,60.0,200.0,2008年第3四半期,改装済み,,6.832508912706237
19003732,中古マンション等,,19201,山梨県,甲府市,高畑,甲府,30分～60分,３ＬＤＫ,100,,,,2006年,ＲＣ,住宅,住宅,,,,１種住居,60.0,200.0,2014年第1四半期,未改装,,7.361727836017593
19003962,中古マンション等,,19201,山梨県,甲府市,丸の内,甲府,9,１Ｋ,20,,,,1988年,ＳＲＣ,住宅,,,,,商業,80.0,400.0,2014年第1四半期,未改装,,6.079181246047625
19006933,中古マンション等,,19201,山梨県,甲府市,川田町,石和温泉,10,１Ｋ,25,,,,1994年,ＲＣ,住宅,,,,,調整区域,60.0,200.0,2009年第4四半期,未改装,,6.361727836017593
19004300,中古マンション等,,19201,山梨県,甲府市,丸の内,甲府,8,２ＬＤＫ,60,,,,2010年,ＲＣ,住宅,,,,,商業,80.0,600.0,2010年第2四半期,未改装,,7.230448921378274
19005691,中古マンション等,,19201,山梨県,甲府市,中央,甲府,16,１Ｋ,15,,,,1993年,ＳＲＣ,住宅,住宅,,,,商業,80.0,600.0,2016年第3四半期,未改装,,6.230448921378274
19000984,中古マンション等,,19201,山梨県,甲府市,酒折,酒折,10,４ＬＤＫ,70,,,,1993年,ＲＣ,住宅,住宅,,,,１種住居,60.0,200.0,2021年第2四半期,未改装,,6.913813852383717
19005664,中古マンション等,,19201,山梨県,甲府市,宝,甲府,13,３ＬＤＫ,70,,,,2007年,ＲＣ,住宅,住宅,,,,２種住居,60.0,200.0,2016年第4四半期,未改装,,7.301029995663981
19004479,中古マンション等,,19201,山梨県,甲府市,上石田,甲府,30分～60分,５ＬＤＫ,85,,,,1994年,ＲＣ,住宅,,,,,１種住居,60.0,200.0,2011年第3四半期,未改装,,7.146128035678238
19000848,中古マンション等,,19201,山梨県,甲府市,国母,甲府,30分～60分,２ＬＤＫ,60,,,,1974年,ＲＣ,住宅,住宅,,,,１種住居,60.0,200.0,2019年第4四半期,未改装,,6.361727836017593
19006642,中古マンション等,,19201,山梨県,甲府市,武田,甲府,5,３ＬＤＫ,70,,,,2002年,ＲＣ,住宅,,,,,２種住居,60.0,200.0,2013年第3四半期,未改装,,7.2552725051033065
19004004,中古マンション等,,19201,山梨県,甲府市,国母,甲府,30分～60分,２ＬＤＫ,60,,,,1974年,ＲＣ,住宅,,,,,１種住居,60.0,200.0,2010年第4四半期,未改装,,6.5910646070264995
19006003,中古マンション等,,19201,山梨県,甲府市,国母,甲府,30分～60分,２ＬＤＫ,50,,,,1974年,ＲＣ,住宅,,,,,１種住居,60.0,200.0,2012年第2四半期,未改装,,6.544068044350276
19004657,中古マンション等,,19201,山梨県,甲府市,善光寺,善光寺,8,１Ｋ,15,,,,1991年,鉄骨造,住宅,,,,,１中住専,60.0,200.0,2011年第4四半期,未改装,,5.954242509439325
19002038,中古マンション等,,19201,山梨県,甲府市,丸の内,甲府,8,１Ｋ,15,,,,1988年,ＳＲＣ,,住宅,,,,商業,80.0,400.0,2021年第1四半期,未改装,,6.518513939877887
19001544,中古マンション等,,19201,山梨県,甲府市,中央,金手,6,２ＤＫ,30,,,,1993年,鉄骨造,住宅,住宅,,,,商業,80.0,400.0,2021年第3四半期,未改装,,6.477121254719663
19004311,中古マンション等,,19201,山梨県,甲府市,丸の内,甲府,11,３ＬＤＫ,75,,,,2009年,ＲＣ,住宅,,,,,商業,80.0,400.0,2010年第1四半期,未改装,,7.204119982655925
19005605,中古マンション等,,19201,山梨県,甲府市,下石田,甲府,30分～60分,３ＬＤＫ,80,,,,1998年,ＲＣ,住宅,住宅,,,,１種住居,60.0,200.0,2016年第4四半期,未改装,,7.146128035678238
19000158,中古マンション等,,19201,山梨県,甲府市,朝日,甲府,6,１Ｋ,15,,,,1988年,ＳＲＣ,,住宅,,,,商業,80.0,400.0,2019年第2四半期,未改装,,6.176091259055681
19006235,中古マンション等,,19201,山梨県,甲府市,丸の内,甲府,9,１Ｋ,15,,,,1988年,ＳＲＣ,住宅,,,,,商業,80.0,400.0,2012年第1四半期,未改装,,6.146128035678238
19005649,中古マンション等,,19201,山梨県,甲府市,善光寺,善光寺,8,１Ｋ,15,,,,1991年,鉄骨造,住宅,,,,,１中住専,60.0,200.0,2016年第3四半期,未改装,,5.544068044350276
19007166,中古マンション等,,19201,山梨県,甲府市,丸の内,甲府,11,３ＬＤＫ,75,,,,2009年,ＲＣ,住宅,,,,,商業,80.0,400.0,2009年第4四半期,未改装,,7.342422680822207
19005942,中古マンション等,,19201,山梨県,甲府市,上石田,甲府,30分～60分,４ＬＤＫ,90,,,,1988年,ＲＣ,住宅,,,,,１種住居,60.0,200.0,2012年第3四半期,未改装,,7.176091259055681
19003695,中古マンション等,,19201,山梨県,甲府市,朝日,甲府,8,１Ｋ,15,,,,1988年,ＳＲＣ,住宅,,,,,商業,80.0,400.0,2010年第1四半期,改装済み,,6.230448921378274
19002848,中古マンション等,,19201,山梨県,甲府市,宮前町,甲府,11,４ＬＤＫ,85,,,,1993年,ＲＣ,,住宅,,,,２種住居,60.0,200.0,2018年第1四半期,未改装,,7.176091259055681
19007021,中古マンション等,,19201,山梨県,甲府市,下石田,甲府,30分～60分,４ＬＤＫ,80,,,,1998年,ＲＣ,住宅,,,,,１種住居,60.0,200.0,2009年第4四半期,未改装,調停・競売等,6.973127853599698
19006032,中古マンション等,,19201,山梨県,甲府市,酒折,酒折,2,４ＤＫ,60,,,,1993年,ＲＣ,住宅,,,,,調整区域,,,2012年第1四半期,未改装,,6.7160033436347994
19007909,中古マンション等,,19201,山梨県,甲府市,若松町,甲府,19,３ＬＤＫ,65,,,,2006年,ＲＣ,住宅,,,,,商業,80.0,400.0,2007年第4四半期,未改装,,7.447158031342219
19004125,中古マンション等,,19201,山梨県,甲府市,城東,善光寺,7,３ＬＤＫ,60,,,,1991年,ＲＣ,住宅,,,,,準工業,60.0,200.0,2010年第4四半期,未改装,,6.672097857935717
19000728,中古マンション等,,19201,山梨県,甲府市,北口,甲府,2,１Ｋ,25,,,,1986年,ＳＲＣ,住宅,住宅,,,,商業,80.0,600.0,2022年第1四半期,未改装,,6.544068044350276
19000016,中古マンション等,,19201,山梨県,甲府市,相生,甲府,15,３ＬＤＫ,75,,,,2019年,ＲＣ,住宅,住宅,,,,商業,80.0,400.0,2022年第2四半期,,,7.544068044350276
19003823,中古マンション等,,19201,山梨県,甲府市,中央,甲府,18,,55,,,,1989年,ＳＲＣ,住宅,,,,,商業,80.0,400.0,2014年第1四半期,未改装,,6.857332496431268
19002316,中古マンション等,,19201,山梨県,甲府市,湯村,甲府,30分～60分,３ＬＤＫ,85,,,,2004年,ＳＲＣ,住宅,住宅,,,,商業,80.0,400.0,2021年第1四半期,改装済み,,7.301029995663981
19007286,中古マンション等,,19201,山梨県,甲府市,朝日,甲府,7,１Ｋ,15,,,,1988年,ＳＲＣ,住宅,,,,,商業,80.0,400.0,2007年第3四半期,,,6.380211241711606
19001550,中古マンション等,,19201,山梨県,甲府市,中央,金手,5,２ＤＫ,45,,,,1975年,ＳＲＣ,住宅,その他,,,,商業,80.0,400.0,2020年第1四半期,未改装,,6.431363764158987
19003415,中古マンション等,,19201,山梨県,甲府市,川田町,石和温泉,10,３ＤＫ,50,,,,1994年,ＲＣ,住宅,住宅,,,,調整区域,,,2014年第4四半期,未改装,,7.342422680822207
19002739,中古マンション等,,19201,山梨県,甲府市,中央,金手,4,２ＤＫ,55,,,,1975年,ＳＲＣ,住宅,住宅,,,,商業,80.0,400.0,2018年第4四半期,改装済み,,6.531478917042255
19000140,中古マンション等,,19201,山梨県,甲府市,朝日,甲府,6,,45,,,,1988年,ＳＲＣ,,住宅,,,,商業,80.0,400.0,2021年第2四半期,,,6.301029995663981
19006492,中古マンション等,,19201,山梨県,甲府市,国母,甲府,30分～60分,４ＬＤＫ,90,,,,2008年,ＲＣ,住宅,,,,,２種住居,60.0,200.0,2013年第1四半期,未改装,,7.380211241711606
19001247,中古マンション等,,19201,山梨県,甲府市,城東,善光寺,8,３ＬＤＫ,70,,,,1991年,ＲＣ,住宅,住宅,,,,準工業,60.0,200.0,2020年第1四半期,未改装,,6.845098040014257
19005517,中古マンション等,,19201,山梨県,甲府市,川田町,石和温泉,11,２ＬＤＫ,50,,,,1994年,ＲＣ,住宅,住宅,,,,調整区域,60.0,200.0,2016年第3四半期,未改装,,6.832508912706237
19007907,中古マンション等,,19201,山梨県,甲府市,若松町,甲府,21,３ＬＤＫ,95,,,,2006年,ＲＣ,住宅,,,,,商業,80.0,400.0,2008年第3四半期,未改装,,7.477121254719663
19006313,中古マンション等,,19201,山梨県,甲府市,青沼,甲府,21,３ＬＤＫ,80,,,,2006年,ＲＣ,住宅,,,,,１種住居,60.0,200.0,2013年第2四半期,未改装,,7.230448921378274
19006151,中古マンション等,,19201,山梨県,甲府市,中央,甲府,18,１Ｋ,15,,,,1991年,鉄骨造,住宅,,,,,商業,80.0,400.0,2012年第2四半期,改装済み,,6.041392685158225
19001791,中古マンション等,,19201,山梨県,甲府市,富竹,甲府,30分～60分,３ＬＤＫ,75,,,,2007年,ＳＲＣ,住宅,住宅,,,,準工業,60.0,200.0,2019年第1四半期,未改装,,7.342422680822207
19007162,中古マンション等,,19201,山梨県,甲府市,丸の内,甲府,7,３ＬＤＫ,70,,,,2006年,ＲＣ,住宅,,,,,商業,80.0,600.0,2009年第4四半期,未改装,,7.113943352306837
19004267,中古マンション等,,19201,山梨県,甲府市,丸の内,甲府,8,３ＬＤＫ,70,,,,2010年,ＲＣ,住宅,,,,,商業,80.0,600.0,2010年第3四半期,未改装,,7.491361693834273
19001649,中古マンション等,,19201,山梨県,甲府市,中央,甲府,18,１Ｋ,15,,,,1991年,鉄骨造,住宅,住宅,,,,商業,80.0,400.0,2019年第4四半期,未改装,,6.113943352306837
19003983,中古マンション等,,19201,山梨県,甲府市,南口町,南甲府,2,３ＬＤＫ,75,,,,1999年,ＲＣ,住宅,住宅,,,,１種住居,60.0,200.0,2014年第3四半期,未改装,,7.041392685158225
19004271,中古マンション等,,19201,山梨県,甲府市,丸の内,甲府,8,３ＬＤＫ,90,,,,2010年,ＳＲＣ,住宅,,,,,商業,80.0,600.0,2010年第3四半期,未改装,,7.491361693834273
19005766,中古マンション等,,19201,山梨県,甲府市,丸の内,甲府,8,１Ｋ,15,,,,1988年,ＳＲＣ,住宅,住宅,,,,商業,80.0,400.0,2016年第2四半期,未改装,,6.041392685158225
19007911,中古マンション等,,19201,山梨県,甲府市,若松町,甲府,19,２ＬＤＫ,75,,,,2006年,ＲＣ,住宅,,,,,商業,80.0,400.0,2007年第4四半期,未改装,,7.4623979978989565
19006753,中古マンション等,,19201,山梨県,甲府市,宮前町,甲府,1H30～2H,３ＬＤＫ,65,,,,1993年,ＲＣ,住宅,,,,,２中住専,60.0,200.0,2013年第4四半期,未改装,,7.204119982655925
19007735,中古マンション等,,19201,山梨県,甲府市,富竹,甲府,30分～60分,２ＬＤＫ,65,,,,2007年,ＲＣ,住宅,,,,,準工業,60.0,200.0,2008年第4四半期,改装済み,,7.176091259055681
19002020,中古マンション等,,19201,山梨県,甲府市,丸の内,甲府,8,３ＬＤＫ,75,,,,2006年,ＲＣ,住宅,,,,,商業,80.0,400.0,2022年第1四半期,改装済み,,7.431363764158987
19004586,中古マンション等,,19201,山梨県,甲府市,酒折,酒折,1,３ＬＤＫ,70,,,,1993年,ＲＣ,住宅,,,,,調整区域,60.0,200.0,2011年第3四半期,未改装,調停・競売等,6.447158031342219
19006613,中古マンション等,,19201,山梨県,甲府市,善光寺,善光寺,8,１Ｒ,15,,,,1991年,鉄骨造,住宅,,,,,１中住専,60.0,200.0,2013年第3四半期,未改装,,6.041392685158225
19002872,中古マンション等,,19201,山梨県,甲府市,若松町,甲府,20,２ＬＤＫ,65,,,,2006年,ＲＣ,住宅,住宅,,,,商業,80.0,400.0,2018年第4四半期,未改装,,7.301029995663981
19006995,中古マンション等,,19201,山梨県,甲府市,幸町,南甲府,9,３ＬＤＫ,70,,,,1997年,ＲＣ,住宅,,,,,準工業,60.0,200.0,2009年第2四半期,未改装,,7.113943352306837
19003419,中古マンション等,,19201,山梨県,甲府市,川田町,石和温泉,11,２ＬＤＫ,50,,,,1994年,ＲＣ,住宅,,,,,調整区域,60.0,200.0,2014年第3四半期,未改装,,7.0
19007446,中古マンション等,,19201,山梨県,甲府市,川田町,石和温泉,9,２ＬＤＫ,50,,,,1994年,ＲＣ,住宅,,,,,調整区域,60.0,200.0,2008年第2四半期,未改装,,6.113943352306837
19006665,中古マンション等,,19201,山梨県,甲府市,中央,甲府,16,２Ｋ,40,,,,1993年,ＳＲＣ,住宅,,,,,商業,80.0,600.0,2013年第1四半期,未改装,,6.763427993562937
19002602,中古マンション等,,19201,山梨県,甲府市,国母,国母,5,３ＬＤＫ,80,,,,2000年,ＲＣ,,住宅,,,,１種住居,60.0,200.0,2018年第2四半期,改装済み,,7.278753600952829
19000150,中古マンション等,,19201,山梨県,甲府市,朝日,甲府,7,１Ｋ,15,,,,1988年,ＳＲＣ,,住宅,,,,商業,80.0,400.0,2020年第1四半期,未改装,,5.8750612633917
19000962,中古マンション等,,19201,山梨県,甲府市,幸町,南甲府,9,３ＬＤＫ,70,,,,1997年,ＲＣ,住宅,住宅,,,,準工業,60.0,200.0,2020年第3四半期,改装済み,,7.146128035678238
19000278,中古マンション等,,19201,山梨県,甲府市,伊勢,南甲府,19,２ＬＤＫ,60,,,,1990年,ＲＣ,,住宅,,,,１種住居,60.0,200.0,2023年第3四半期,未改装,,7.041392685158225
19003942,中古マンション等,,19201,山梨県,甲府市,川田町,石和温泉,13,２ＬＤＫ,55,,,,1994年,ＲＣ,住宅,,,,,調整区域,,,2010年第2四半期,改装済み,,6.8750612633917
19000706,中古マンション等,,19201,山梨県,甲府市,川田町,石和温泉,10,２ＬＤＫ,50,,,,1994年,ＳＲＣ,住宅,住宅,,,,調整区域,70.0,400.0,2020年第4四半期,未改装,,6.8750612633917
19007504,中古マンション等,,19201,山梨県,甲府市,国母,甲府,30分～60分,３ＬＤＫ,75,,,,1998年,ＲＣ,住宅,,,,,１種住居,60.0,200.0,2007年第3四半期,,,7.146128035678238
19002041,中古マンション等,,19201,山梨県,甲府市,丸の内,甲府,8,１Ｋ,15,,,,1988年,ＳＲＣ,住宅,住宅,,,,商業,80.0,400.0,2020年第4四半期,改装済み,,6.57978359661681
19004400,中古マンション等,,19201,山梨県,甲府市,朝日,甲府,8,１Ｒ,20,,,,1988年,ＳＲＣ,住宅,,,,,商業,80.0,400.0,2011年第2四半期,未改装,,6.0
19004289,中古マンション等,,19201,山梨県,甲府市,丸の内,甲府,8,２ＬＤＫ,60,,,,2010年,ＲＣ,住宅,,,,,商業,80.0,600.0,2010年第3四半期,未改装,,7.278753600952829
19003446,中古マンション等,,19201,山梨県,甲府市,丸の内,甲府,8,３ＬＤＫ,75,,,,2010年,ＲＣ,住宅,住宅,,,,商業,80.0,600.0,2017年第3四半期,未改装,,7.6127838567197355
19000732,中古マンション等,,19201,山梨県,甲府市,北口,甲府,2,３ＬＤＫ,70,,,,2019年,ＲＣ,住宅,住宅,,,,商業,80.0,600.0,2022年第1四半期,未改装,,7.57978359661681
19004288,中古マンション等,,19201,山梨県,甲府市,丸の内,甲府,8,３ＬＤＫ,95,,,,2010年,ＲＣ,住宅,,,,,商業,80.0,600.0,2010年第3四半期,未改装,,7.477121254719663
19006754,中古マンション等,,19201,山梨県,甲府市,宮前町,甲府,11,３ＬＤＫ,60,,,,1993年,ＲＣ,住宅,,,,,２種住居,60.0,200.0,2013年第2四半期,未改装,,6.826074802700826
19007852,中古マンション等,,19201,山梨県,甲府市,宮前町,甲府,13,１Ｋ,25,,,,1993年,ＲＣ,住宅,,,,,２種住居,60.0,200.0,2008年第4四半期,改装済み,,6.531478917042255
19006619,中古マンション等,,19201,山梨県,甲府市,高畑,甲府,28,４ＬＤＫ,95,,,,2006年,ＲＣ,住宅,,,,,１種住居,60.0,200.0,2013年第4四半期,未改装,,7.414973347970818
19002109,中古マンション等,,19201,山梨県,甲府市,南口町,南甲府,3,３ＬＤＫ,75,,,,1999年,ＲＣ,住宅,住宅,,,,１種住居,60.0,200.0,2020年第1四半期,未改装,,7.146128035678238
19006758,中古マンション等,,19201,山梨県,甲府市,元紺屋町,甲府,14,３ＬＤＫ,85,,,,2004年,ＲＣ,住宅,,,,,１中住専,60.0,200.0,2013年第4四半期,改装済み,,7.3222192947339195
19004318,中古マンション等,,19201,山梨県,甲府市,丸の内,甲府,11,３ＬＤＫ,70,,,,2009年,ＲＣ,住宅,,,,,商業,80.0,400.0,2010年第1四半期,未改装,,7.230448921378274
19001460,中古マンション等,,19201,山梨県,甲府市,武田,甲府,5,３ＬＤＫ,65,,,,2002年,ＲＣ,住宅,住宅,,,,２種住居,60.0,200.0,2022年第1四半期,未改装,,7.204119982655925
19002061,中古マンション等,,19201,山梨県,甲府市,丸の内,甲府,7,３ＬＤＫ,75,,,,2006年,ＲＣ,住宅,住宅,,,,商業,80.0,600.0,2019年第1四半期,改装済み,,7.278753600952829
19006984,中古マンション等,,19201,山梨県,甲府市,国母,国母,30分～60分,２ＬＤＫ,60,,,,1974年,ＲＣ,住宅,,,,,１種住居,60.0,200.0,2009年第1四半期,未改装,調停・競売等,6.278753600952829
19006612,中古マンション等,,19201,山梨県,甲府市,善光寺,善光寺,8,１Ｒ,15,,,,1991年,鉄骨造,住宅,,,,,１中住専,60.0,200.0,2013年第3四半期,未改装,,6.041392685158225
19007180,中古マンション等,,19201,山梨県,甲府市,南口町,南甲府,1,３ＬＤＫ,75,,,,1999年,ＲＣ,住宅,,,,,１種住居,60.0,200.0,2009年第2四半期,未改装,,7.079181246047625
19002623,中古マンション等,,19201,山梨県,甲府市,幸町,南甲府,8,２ＬＤＫ,70,,,,2005年,ＲＣ,住宅,住宅,,,,準工業,60.0,200.0,2018年第1四半期,未改装,,7.2552725051033065
19000726,中古マンション等,,19201,山梨県,甲府市,北口,甲府,3,３ＬＤＫ,65,,,,2019年,ＲＣ,住宅,住宅,,,,商業,80.0,600.0,2022年第2四半期,未改装,,7.505149978319906
19000084,中古マンション等,,19201,山梨県,甲府市,青葉町,南甲府,15,３ＬＤＫ,70,,,,,,,住宅,,,,,,,2019年第2四半期,,,6.819543935541868
19004276,中古マンション等,,19201,山梨県,甲府市,丸の内,甲府,8,３ＬＤＫ,70,,,,2010年,ＲＣ,住宅,,,,,商業,80.0,600.0,2010年第3四半期,未改装,,7.4623979978989565
19002106,中古マンション等,,19201,山梨県,甲府市,南口町,南甲府,3,３ＬＤＫ,75,,,,1999年,ＲＣ,住宅,住宅,,,,１種住居,60.0,200.0,2021年第2四半期,未改装,,7.079181246047625
19001390,中古マンション等,,19201,山梨県,甲府市,高畑,甲府,28,３ＬＤＫ,85,,,,2006年,ＲＣ,住宅,住宅,,,,１種住居,60.0,200.0,2022年第4四半期,改装済み,,7.301029995663981
19004005,中古マンション等,,19201,山梨県,甲府市,国母,甲府,30分～60分,２ＬＤＫ,55,,,,1974年,ＲＣ,住宅,,,,,１種住居,60.0,200.0,2010年第4四半期,未改装,,6.3979400086720375
19001241,中古マンション等,,19201,山梨県,甲府市,城東,善光寺,5,３ＬＤＫ,65,,,,1991年,ＲＣ,住宅,住宅,,,,準工業,60.0,200.0,2020年第4四半期,未改装,,6.8750612633917
19001623,中古マンション等,,19201,山梨県,甲府市,中央,甲府,15,３ＬＤＫ,60,,,,1989年,ＳＲＣ,住宅,住宅,,,,商業,80.0,400.0,2020年第4四半期,未改装,,6.778151250383644
19002052,中古マンション等,,19201,山梨県,甲府市,丸の内,甲府,4,３ＬＤＫ,80,,,,2007年,ＲＣ,住宅,住宅,,,,商業,80.0,600.0,2020年第1四半期,未改装,,7.505149978319906
19004522,中古マンション等,,19201,山梨県,甲府市,北口,甲府,3,３ＬＤＫ,70,,,,1999年,ＲＣ,住宅,,,,,商業,80.0,400.0,2011年第2四半期,改装済み,,7.204119982655925
19005939,中古マンション等,,19201,山梨県,甲府市,上石田,甲府,30分～60分,４ＬＤＫ,70,,,,,ＲＣ,住宅,,,,,１中住専,60.0,200.0,2012年第4四半期,未改装,,6.799340549453582
19003068,中古マンション等,,19201,山梨県,甲府市,酒折,酒折,3,１Ｋ,25,,,,1992年,ＲＣ,住宅,住宅,,,,調整区域,60.0,200.0,2017年第3四半期,未改装,,6.414973347970818
19007164,中古マンション等,,19201,山梨県,甲府市,丸の内,甲府,11,３ＬＤＫ,90,,,,2009年,ＲＣ,住宅,,,,,商業,80.0,400.0,2009年第4四半期,未改装,,7.3979400086720375
19006804,中古マンション等,,19201,山梨県,甲府市,若松町,甲府,21,３ＬＤＫ,70,,,,2006年,ＲＣ,住宅,,,,,商業,80.0,400.0,2013年第3四半期,改装済み,,7.3222192947339195
19005623,中古マンション等,,19201,山梨県,甲府市,城東,善光寺,7,２ＬＤＫ,60,,,,1991年,ＲＣ,住宅,住宅,,,,準工業,60.0,200.0,2016年第1四半期,未改装,,6.929418925714293
19003303,中古マンション等,,19201,山梨県,甲府市,中央,甲府,12,３ＬＤＫ,65,,,,1989年,ＲＣ,住宅,住宅,,,,商業,80.0,400.0,2017年第2四半期,未改装,,7.041392685158225
19004867,中古マンション等,,19201,山梨県,甲府市,朝日,甲府,4,１Ｋ,15,,,,1988年,ＳＲＣ,住宅,住宅,,,,商業,80.0,400.0,2015年第3四半期,改装済み,,6.2552725051033065
19003701,中古マンション等,,19201,山梨県,甲府市,朝日,甲府,8,１Ｋ,15,,,,1988年,ＳＲＣ,住宅,,,,,商業,80.0,400.0,2010年第1四半期,未改装,,5.903089986991944
19001337,中古マンション等,,19201,山梨県,甲府市,住吉,南甲府,4,３ＬＤＫ,55,,,,1990年,ＲＣ,住宅,住宅,,,,１種住居,60.0,200.0,2019年第1四半期,改装済み,,6.812913356642856
19005439,中古マンション等,,19201,山梨県,甲府市,湯村,甲府,30分～60分,３ＬＤＫ,70,,,,2004年,ＳＲＣ,住宅,住宅,,,,商業,80.0,400.0,2015年第1四半期,未改装,,7.301029995663981
19002554,中古マンション等,,19201,山梨県,甲府市,川田町,石和温泉,10,２ＬＤＫ,85,,,,1994年,ＲＣ,住宅,住宅,,,,調整区域,70.0,400.0,2018年第3四半期,未改装,,7.079181246047625
19004584,中古マンション等,,19201,山梨県,甲府市,幸町,南甲府,3,４ＬＤＫ,80,,,,1996年,ＲＣ,住宅,,,,,商業,80.0,400.0,2011年第4四半期,未改装,,7.146128035678238
19001315,中古マンション等,,19201,山梨県,甲府市,住吉,南甲府,8,３ＬＤＫ,55,,,,1990年,ＲＣ,,住宅,,,,１種住居,60.0,200.0,2023年第1四半期,未改装,,6.698970004336019
19004778,中古マンション等,,19201,山梨県,甲府市,丸の内,甲府,9,１Ｋ,15,,,,1988年,ＳＲＣ,住宅,,,,,商業,80.0,400.0,2011年第2四半期,未改装,,6.0
19000127,中古マンション等,,19201,山梨県,甲府市,朝日,甲府,7,１Ｋ,15,,,,1988年,ＳＲＣ,住宅,住宅,,,,商業,80.0,400.0,2023年第3四半期,未改装,,6.414973347970818
19001240,中古マンション等,,19201,山梨県,甲府市,城東,善光寺,8,２ＤＫ,55,,,,1991年,ＲＣ,住宅,住宅,,,,準工業,60.0,200.0,2021年第1四半期,未改装,,6.812913356642856
19005654,中古マンション等,,19201,山梨県,甲府市,善光寺,善光寺,8,１Ｋ,15,,,,1991年,鉄骨造,住宅,,,,,１中住専,60.0,200.0,2016年第1四半期,未改装,,5.812913356642856
19004706,中古マンション等,,19201,山梨県,甲府市,中央,甲府,16,１ＬＤＫ,45,,,,1975年,ＲＣ,住宅,,,,,商業,80.0,400.0,2011年第3四半期,未改装,,6.414973347970818
19001463,中古マンション等,,19201,山梨県,甲府市,武田,甲府,5,３ＬＤＫ,70,,,,2002年,ＲＣ,住宅,住宅,,,,２種住居,60.0,200.0,2021年第4四半期,未改装,,7.230448921378274
19003010,中古マンション等,,19201,山梨県,甲府市,川田町,石和温泉,10,２ＤＫ,40,,,,1994年,ＲＣ,住宅,住宅,,,,調整区域,70.0,400.0,2017年第3四半期,未改装,,6.845098040014257
19003697,中古マンション等,,19201,山梨県,甲府市,朝日,甲府,8,１Ｋ,20,,,,1988年,ＳＲＣ,住宅,,,,,商業,80.0,400.0,2010年第1四半期,未改装,,5.869231719730976
19007042,中古マンション等,,19201,山梨県,甲府市,城東,善光寺,6,２ＬＤＫ,50,,,,1991年,ＲＣ,住宅,,,,,準工業,60.0,200.0,2009年第4四半期,未改装,調停・競売等,6.544068044350276
19002784,中古マンション等,,19201,山梨県,甲府市,富竹,甲府,30分～60分,３ＬＤＫ,70,,,,2007年,ＲＣ,住宅,住宅,,,,準工業,60.0,200.0,2018年第2四半期,未改装,,7.2552725051033065
19004636,中古マンション等,,19201,山梨県,甲府市,城東,甲府,26,３ＬＤＫ,70,,,,1994年,ＲＣ,住宅,,,,,２種住居,60.0,200.0,2011年第4四半期,未改装,,6.903089986991944
19004307,中古マンション等,,19201,山梨県,甲府市,丸の内,甲府,11,４ＬＤＫ,90,,,,2009年,ＲＣ,住宅,,,,,商業,80.0,400.0,2010年第1四半期,改装済み,,7.3222192947339195
19000050,中古マンション等,,19201,山梨県,甲府市,青沼,金手,14,４ＬＤＫ,85,,,,2006年,ＲＣ,住宅,住宅,,,,１種住居,60.0,200.0,2021年第2四半期,未改装,,7.361727836017593
19003731,中古マンション等,,19201,山梨県,甲府市,高畑,甲府,29,４ＬＤＫ,95,,,,2006年,ＲＣ,住宅,,,,,２種住居,60.0,200.0,2014年第1四半期,未改装,,7.380211241711606
19003441,中古マンション等,,19201,山梨県,甲府市,丸の内,甲府,8,３ＬＤＫ,95,,,,2010年,ＲＣ,住宅,住宅,,,,商業,80.0,600.0,2017年第4四半期,未改装,,7.556302500767287
19003038,中古マンション等,,19201,山梨県,甲府市,国母,甲府,30分～60分,２ＬＤＫ,55,,,,1974年,ＲＣ,住宅,住宅,,,,１種住居,60.0,200.0,2017年第2四半期,改装済み,,6.748188027006201
19002463,中古マンション等,,19201,山梨県,甲府市,大里町,国母,30分～60分,３ＬＤＫ,60,,,,1994年,ＲＣ,住宅,住宅,,,,２中住専,60.0,200.0,2018年第4四半期,未改装,,6.845098040014257
19000985,中古マンション等,,19201,山梨県,甲府市,酒折,酒折,10,３ＬＤＫ,60,,,,1993年,ＲＣ,住宅,住宅,,,,１種住居,60.0,200.0,2021年第2四半期,未改装,,6.7923916894982534
19005525,中古マンション等,,19201,山梨県,甲府市,北口,甲府,3,１ＤＫ,40,,,,1987年,ＳＲＣ,住宅,住宅,,,,商業,80.0,600.0,2016年第2四半期,改装済み,,6.447158031342219
19003193,中古マンション等,,19201,山梨県,甲府市,善光寺,善光寺,6,１Ｋ,15,,,,1991年,鉄骨造,住宅,住宅,,,,１中住専,60.0,200.0,2017年第2四半期,改装済み,,6.079181246047625
19003291,中古マンション等,,19201,山梨県,甲府市,中央,甲府,16,３ＤＫ,55,,,,1989年,ＳＲＣ,住宅,住宅,,,,商業,80.0,400.0,2017年第3四半期,改装済み,,6.959041392321094
19006449,中古マンション等,,19201,山梨県,甲府市,北口,甲府,3,２ＬＤＫ,60,,,,1999年,ＲＣ,住宅,,,,,商業,80.0,600.0,2013年第3四半期,改装済み,,7.176091259055681
19007287,中古マンション等,,19201,山梨県,甲府市,朝日,甲府,6,１Ｋ,15,,,,1988年,ＳＲＣ,住宅,,,,,商業,80.0,400.0,2007年第3四半期,未改装,,6.3979400086720375
19004567,中古マンション等,,19201,山梨県,甲府市,国母,国母,6,３ＬＤＫ,85,,,,2000年,ＲＣ,住宅,,,,,１種住居,60.0,200.0,2011年第2四半期,未改装,,7.113943352306837
19002008,中古マンション等,,19201,山梨県,甲府市,丸の内,甲府,8,１Ｋ,20,,,,1988年,ＳＲＣ,住宅,その他,,,,商業,80.0,400.0,2022年第4四半期,未改装,,6.531478917042255
19004266,中古マンション等,,19201,山梨県,甲府市,丸の内,甲府,8,３ＬＤＫ,70,,,,2010年,ＲＣ,住宅,,,,,商業,80.0,600.0,2010年第3四半期,未改装,,7.431363764158987
19006936,中古マンション等,,19201,山梨県,甲府市,川田町,石和温泉,15,２ＬＤＫ,50,,,,1994年,ＲＣ,住宅,,,,,調整区域,60.0,200.0,2009年第1四半期,未改装,,6.698970004336019
19007697,中古マンション等,,19201,山梨県,甲府市,中央,金手,6,２ＬＤＫ,55,,,,1975年,ＲＣ,住宅,,,,,商業,80.0,400.0,2008年第4四半期,未改装,,6.477121254719663
19003085,中古マンション等,,19201,山梨県,甲府市,里吉,南甲府,15,４ＬＤＫ,80,,,,1996年,ＲＣ,,住宅,,,,準工業,60.0,200.0,2017年第4四半期,未改装,,6.698970004336019
19007449,中古マンション等,,19201,山梨県,甲府市,川田町,石和温泉,10,１ＤＫ,25,,,,1994年,ＲＣ,住宅,,,,,調整区域,60.0,200.0,2008年第1四半期,,,6.505149978319906
19002006,中古マンション等,,19201,山梨県,甲府市,丸の内,甲府,10,３ＬＤＫ,70,,,,2007年,ＲＣ,住宅,その他,,,,商業,80.0,400.0,2022年第4四半期,未改装,,7.301029995663981
19000149,中古マンション等,,19201,山梨県,甲府市,朝日,甲府,7,,15,,,,1988年,ＳＲＣ,住宅,住宅,,,,商業,80.0,400.0,2020年第1四半期,未改装,,6.204119982655925
19000772,中古マンション等,,19201,山梨県,甲府市,貢川本町,甲府,30分～60分,４ＬＤＫ,90,,,,,ＲＣ,住宅,住宅,,,,１種住居,60.0,200.0,2019年第3四半期,未改装,,7.380211241711606
19003501,中古マンション等,,19201,山梨県,甲府市,国母,甲府,30分～60分,３ＬＤＫ,80,,,,2008年,ＲＣ,住宅,住宅,,,,２種住居,60.0,200.0,2014年第4四半期,未改装,,7.3222192947339195
19000034,中古マンション等,,19201,山梨県,甲府市,相生,甲府,16,３ＬＤＫ,80,,,,2019年,ＲＣ,住宅,住宅,,,,商業,80.0,400.0,2020年第4四半期,未改装,,7.531478917042255
19000882,中古マンション等,,19201,山梨県,甲府市,国母,国母,30分～60分,３ＤＫ,60,,,,1974年,ＲＣ,住宅,住宅,,,,１種住居,60.0,200.0,2021年第2四半期,未改装,,6.301029995663981
19000155,中古マンション等,,19201,山梨県,甲府市,朝日,甲府,6,１Ｋ,15,,,,1988年,ＳＲＣ,住宅,住宅,,,,商業,80.0,400.0,2019年第3四半期,未改装,,6.2552725051033065
19000697,中古マンション等,,19201,山梨県,甲府市,川田町,石和温泉,10,２ＬＤＫ,55,,,,1994年,ＳＲＣ,住宅,住宅,,,,調整区域,70.0,400.0,2022年第2四半期,改装済み,,6.812913356642856
19000271,中古マンション等,,19201,山梨県,甲府市,伊勢,甲府,30分～60分,２ＬＤＫ,50,,,,1990年,ＲＣ,住宅,住宅,,,,１種住居,60.0,200.0,2021年第4四半期,改装済み,,6.845098040014257
19004308,中古マンション等,,19201,山梨県,甲府市,丸の内,甲府,11,３ＬＤＫ,70,,,,2009年,ＲＣ,住宅,,,,,商業,80.0,400.0,2010年第1四半期,未改装,,7.2552725051033065
19006045,中古マンション等,,19201,山梨県,甲府市,里吉,南甲府,15,３ＬＤＫ,70,,,,1996年,ＲＣ,住宅,,,,,準工業,60.0,200.0,2012年第4四半期,未改装,,6.968482948553935
19002055,中古マンション等,,19201,山梨県,甲府市,丸の内,甲府,10,３ＬＤＫ,70,,,,2007年,ＲＣ,住宅,住宅,,,,商業,80.0,400.0,2019年第4四半期,未改装,,7.230448921378274
19001553,中古マンション等,,19201,山梨県,甲府市,中央,金手,5,２ＤＫ,45,,,,,,,住宅,,,,,,,2019年第4四半期,,,6.623249290397901
19006535,中古マンション等,,19201,山梨県,甲府市,酒折,酒折,8,１Ｋ,20,,,,,ＲＣ,住宅,,,,,調整区域,,,2013年第1四半期,未改装,,6.0
19001369,中古マンション等,,19201,山梨県,甲府市,善光寺,善光寺,7,１ＤＫ,15,,,,,鉄骨造,,住宅,,,,１中住専,60.0,200.0,2020年第3四半期,改装済み,,6.3979400086720375
19006234,中古マンション等,,19201,山梨県,甲府市,丸の内,甲府,9,１Ｋ,15,,,,1988年,ＳＲＣ,住宅,,,,,商業,80.0,400.0,2012年第1四半期,未改装,,6.176091259055681
19001031,中古マンション等,,19201,山梨県,甲府市,里吉,南甲府,15,２ＬＤＫ,60,,,,1996年,ＲＣ,住宅,住宅,,,,準工業,60.0,200.0,2019年第1四半期,改装済み,,6.9084850188786495
19004272,中古マンション等,,19201,山梨県,甲府市,丸の内,甲府,9,３ＬＤＫ,80,,,,2010年,ＲＣ,住宅,,,,,商業,80.0,600.0,2010年第3四半期,改装済み,,7.477121254719663
19001435,中古マンション等,,19201,山梨県,甲府市,宝,甲府,13,３ＬＤＫ,75,,,,2007年,ＲＣ,住宅,住宅,,,,２種住居,60.0,200.0,2021年第3四半期,未改装,,7.342422680822207
19000080,中古マンション等,,19201,山梨県,甲府市,青葉町,南甲府,9,４ＤＫ,70,,,,1991年,ＳＲＣ,住宅,住宅,,,,準工業,60.0,200.0,2020年第1四半期,未改装,,6.7923916894982534
19006912,中古マンション等,,19201,山梨県,甲府市,上石田,甲府,30分～60分,３ＬＤＫ,75,,,,1989年,ＲＣ,住宅,,,,,１種住居,60.0,200.0,2009年第1四半期,未改装,,7.079181246047625
19005969,中古マンション等,,19201,山梨県,甲府市,川田町,石和温泉,10,２ＤＫ,50,,,,1994年,ＲＣ,住宅,,,,,調整区域,,,2012年第4四半期,未改装,調停・競売等,6.447158031342219
19004265,中古マンション等,,19201,山梨県,甲府市,丸の内,甲府,9,３ＬＤＫ,105,,,,2010年,ＲＣ,住宅,,,,,商業,80.0,600.0,2010年第3四半期,改装済み,,7.568201724066995
19005520,中古マンション等,,19201,山梨県,甲府市,北口,甲府,3,１Ｋ,25,,,,1987年,ＳＲＣ,住宅,住宅,,,,商業,80.0,600.0,2016年第3四半期,未改装,,6.301029995663981
19004278,中古マンション等,,19201,山梨県,甲府市,丸の内,甲府,9,３ＬＤＫ,75,,,,2010年,ＲＣ,住宅,,,,,商業,80.0,600.0,2010年第3四半期,改装済み,,7.4623979978989565
19002044,中古マンション等,,19201,山梨県,甲府市,丸の内,甲府,8,３ＬＤＫ,90,,,,2010年,ＲＣ,住宅,住宅,,,,商業,80.0,600.0,2020年第3四半期,未改装,,7.544068044350276
19004263,中古マンション等,,19201,山梨県,甲府市,丸の内,甲府,8,３ＬＤＫ,80,,,,2010年,ＲＣ,住宅,,,,,商業,80.0,600.0,2010年第3四半期,未改装,,7.518513939877887
19005968,中古マンション等,,19201,山梨県,甲府市,川田町,石和温泉,10,３ＬＤＫ,60,,,,1994年,ＲＣ,住宅,,,,,調整区域,70.0,400.0,2012年第4四半期,未改装,,6.977723605288848
19006729,中古マンション等,,19201,山梨県,甲府市,丸の内,甲府,8,,15,,,,1988年,ＳＲＣ,住宅,,,,,商業,80.0,400.0,2013年第4四半期,未改装,,5.954242509439325
19004282,中古マンション等,,19201,山梨県,甲府市,丸の内,甲府,9,２ＬＤＫ,60,,,,2010年,ＲＣ,住宅,,,,,商業,80.0,600.0,2010年第3四半期,未改装,,7.301029995663981
19003431,中古マンション等,,19201,山梨県,甲府市,北口,甲府,3,３ＤＫ,55,,,,1996年,ＳＲＣ,住宅,住宅,,,,商業,80.0,400.0,2014年第3四半期,改装済み,,7.146128035678238
19002904,中古マンション等,,19201,山梨県,甲府市,朝日,甲府,6,１Ｋ,15,,,,1988年,ＳＲＣ,住宅,その他,,,,商業,80.0,400.0,2017年第4四半期,未改装,,6.2552725051033065
19006625,中古マンション等,,19201,山梨県,甲府市,高畑,甲府,29,４ＬＤＫ,115,,,,2002年,ＲＣ,住宅,,,,,２種住居,60.0,200.0,2013年第1四半期,未改装,,7.361727836017593
19002034,中古マンション等,,19201,山梨県,甲府市,丸の内,甲府,7,１ＬＤＫ,55,,,,2006年,ＲＣ,住宅,住宅,,,,商業,80.0,600.0,2021年第2四半期,未改装,,7.204119982655925
19001022,中古マンション等,,19201,山梨県,甲府市,里吉,南甲府,21,３ＬＤＫ,65,,,,1996年,ＲＣ,住宅,住宅,,,,準工業,60.0,200.0,2023年第1四半期,改装済み,,7.176091259055681
19007562,中古マンション等,,19201,山梨県,甲府市,里吉,南甲府,19,３ＬＤＫ,70,,,,1996年,ＲＣ,住宅,,,,,準工業,60.0,200.0,2008年第2四半期,未改装,調停・競売等,6.9084850188786495
19001661,中古マンション等,,19201,山梨県,甲府市,長松寺町,甲府,30分～60分,３ＬＤＫ,70,,,,2015年,ＲＣ,住宅,住宅,,,,１中住専,60.0,200.0,2021年第1四半期,未改装,,7.361727836017593
19006325,中古マンション等,,19201,山梨県,甲府市,朝日,甲府,7,１Ｋ,15,,,,1988年,ＳＲＣ,住宅,,,,,商業,80.0,400.0,2013年第4四半期,未改装,,6.204119982655925
19003498,中古マンション等,,19201,山梨県,甲府市,南口町,南甲府,3,３ＬＤＫ,75,,,,1999年,ＲＣ,住宅,住宅,,,,１種住居,60.0,200.0,2017年第2四半期,改装済み,,7.146128035678238
19006029,中古マンション等,,19201,山梨県,甲府市,酒折,酒折,10,,65,,,,1993年,ＲＣ,住宅,,,,,調整区域,60.0,200.0,2012年第2四半期,,,6.7160033436347994
19004268,中古マンション等,,19201,山梨県,甲府市,丸の内,甲府,8,３ＬＤＫ,95,,,,2010年,ＲＣ,住宅,,,,,商業,80.0,600.0,2010年第3四半期,改装済み,,7.5910646070264995
19002552,中古マンション等,,19201,山梨県,甲府市,川田町,石和温泉,10,３ＬＤＫ,85,,,,1994年,ＲＣ,住宅,住宅,,,,調整区域,70.0,400.0,2018年第4四半期,,,7.146128035678238
19001539,中古マンション等,,19201,山梨県,甲府市,中央,金手,6,,35,,,,,,,住宅,,,,,,,2023年第2四半期,,,6.3979400086720375
19002002,中古マンション等,,19201,山梨県,甲府市,丸の内,甲府,13,２ＬＤＫ,70,,,,2016年,ＲＣ,,住宅,,,,商業,80.0,400.0,2023年第1四半期,未改装,,7.447158031342219
19001438,中古マンション等,,19201,山梨県,甲府市,宝,甲府,13,３ＬＤＫ,70,,,,2007年,ＲＣ,住宅,住宅,,,,２種住居,60.0,200.0,2021年第2四半期,未改装,,7.278753600952829
19007467,中古マンション等,,19201,山梨県,甲府市,貢川本町,甲府,30分～60分,２ＬＤＫ,65,,,,2004年,ＲＣ,住宅,,,,,１種住居,60.0,200.0,2008年第2四半期,未改装,,6.724275869600789
19000333,中古マンション等,,19201,山梨県,甲府市,大里町,甲斐住吉,30分～60分,２ＤＫ,40,,,,1992年,鉄骨造,,住宅,,,,１中住専,60.0,200.0,2022年第2四半期,未改装,,6.6020599913279625
19003699,中古マンション等,,19201,山梨県,甲府市,朝日,甲府,8,１Ｋ,20,,,,1988年,ＳＲＣ,住宅,,,,,商業,80.0,400.0,2010年第1四半期,改装済み,,6.176091259055681
19002047,中古マンション等,,19201,山梨県,甲府市,丸の内,甲府,8,１Ｋ,30,,,,1988年,ＳＲＣ,住宅,住宅,,,,商業,80.0,400.0,2020年第2四半期,未改装,,6.4623979978989565
19000877,中古マンション等,,19201,山梨県,甲府市,国母,国母,6,３ＬＤＫ,70,,,,2000年,ＲＣ,住宅,住宅,,,,１種住居,60.0,200.0,2021年第3四半期,未改装,,7.146128035678238
19006964,中古マンション等,,19201,山梨県,甲府市,国母,甲府,30分～60分,４ＬＤＫ,85,,,,1998年,ＲＣ,住宅,,,,,１種住居,60.0,200.0,2009年第1四半期,未改装,,7.230448921378274
19006086,中古マンション等,,19201,山梨県,甲府市,城東,善光寺,6,３ＬＤＫ,55,,,,1991年,ＲＣ,住宅,,,,,準工業,60.0,200.0,2012年第1四半期,改装済み,,6.799340549453582
19006733,中古マンション等,,19201,山梨県,甲府市,丸の内,甲府,9,２ＤＫ,30,,,,1988年,ＳＲＣ,住宅,,,,,商業,80.0,400.0,2013年第3四半期,未改装,,6.361727836017593
19004293,中古マンション等,,19201,山梨県,甲府市,丸の内,甲府,9,３ＬＤＫ,70,,,,2010年,ＲＣ,住宅,,,,,商業,80.0,600.0,2010年第3四半期,未改装,,7.431363764158987
19000980,中古マンション等,,19201,山梨県,甲府市,酒折,酒折,12,４ＤＫ,70,,,,1993年,ＲＣ,,住宅,,,,調整区域,60.0,200.0,2022年第2四半期,未改装,,6.892094602690481
19000826,中古マンション等,,19201,山梨県,甲府市,国母,甲府,30分～60分,４ＬＤＫ,90,,,,戦前,ＲＣ,住宅,事務所,,,,準住居,60.0,200.0,2023年第3四半期,未改装,,7.3979400086720375
19004401,中古マンション等,,19201,山梨県,甲府市,朝日,甲府,5,１Ｋ,15,,,,1988年,ＳＲＣ,住宅,,,,,商業,80.0,400.0,2011年第1四半期,改装済み,,6.204119982655925
19001317,中古マンション等,,19201,山梨県,甲府市,住吉,南甲府,6,３ＤＫ,55,,,,1990年,ＲＣ,住宅,住宅,,,,１種住居,60.0,200.0,2021年第4四半期,未改装,,6.3222192947339195
19003423,中古マンション等,,19201,山梨県,甲府市,川田町,石和温泉,10,１ＤＫ,40,,,,,ＲＣ,住宅,,,,,調整区域,,,2014年第1四半期,未改装,調停・競売等,6.505149978319906
19000695,中古マンション等,,19201,山梨県,甲府市,川田町,石和温泉,9,２ＬＤＫ,80,,,,,,,住宅,,,,調整区域,,,2023年第1四半期,,,7.278753600952829
19003687,中古マンション等,,19201,山梨県,甲府市,朝日,甲府,8,１Ｋ,15,,,,1988年,ＳＲＣ,住宅,,,,,商業,80.0,400.0,2010年第2四半期,未改装,,5.8061799739838875
19002920,中古マンション等,,19201,山梨県,甲府市,伊勢,甲府,29,３ＬＤＫ,60,,,,1990年,ＲＣ,住宅,住宅,,,,１種住居,60.0,200.0,2017年第4四半期,未改装,,6.968482948553935
19007913,中古マンション等,,19201,山梨県,甲府市,若松町,甲府,19,４ＬＤＫ,85,,,,2006年,ＲＣ,住宅,,,,,商業,80.0,400.0,2007年第2四半期,未改装,,7.518513939877887
19004554,中古マンション等,,19201,山梨県,甲府市,国母,甲府,30分～60分,３ＬＤＫ,75,,,,1998年,ＲＣ,住宅,,,,,１種住居,60.0,200.0,2011年第1四半期,改装済み,,7.079181246047625
19000272,中古マンション等,,19201,山梨県,甲府市,伊勢,甲府,30分～60分,２ＬＤＫ,50,,,,1990年,ＲＣ,住宅,その他,,,,１種住居,60.0,200.0,2020年第4四半期,未改装,,6.778151250383644
19006793,中古マンション等,,19201,山梨県,甲府市,湯村,甲府,30分～60分,３ＬＤＫ,85,,,,2004年,ＳＲＣ,住宅,,,,,商業,80.0,400.0,2013年第2四半期,改装済み,,7.361727836017593
19004283,中古マンション等,,19201,山梨県,甲府市,丸の内,甲府,9,３ＬＤＫ,70,,,,2010年,ＲＣ,住宅,,,,,商業,80.0,600.0,2010年第3四半期,未改装,,7.477121254719663
19003778,中古マンション等,,19201,山梨県,甲府市,中央,金手,4,２ＤＫ,45,,,,1975年,ＳＲＣ,住宅,,,,,商業,80.0,400.0,2014年第1四半期,改装済み,,6.491361693834273
19003065,中古マンション等,,19201,山梨県,甲府市,酒折,酒折,10,１Ｋ,20,,,,1992年,ＲＣ,,その他,,,,調整区域,,,2017年第4四半期,未改装,,6.6020599913279625
19005183,中古マンション等,,19201,山梨県,甲府市,中央,金手,5,１ＤＫ,45,,,,1975年,ＳＲＣ,住宅,住宅,,,,商業,80.0,400.0,2015年第4四半期,改装済み,,6.6020599913279625
19005892,中古マンション等,,19201,山梨県,甲府市,伊勢,甲府,30分～60分,２ＬＤＫ,60,,,,戦前,ＲＣ,住宅,,,,,準住居,60.0,200.0,2012年第2四半期,未改装,,6.845098040014257
19000549,中古マンション等,,19201,山梨県,甲府市,上石田,甲府,30分～60分,３ＬＤＫ,60,,,,1989年,ＳＲＣ,,,,,,１種住居,60.0,200.0,2019年第4四半期,改装済み,,6.9344984512435675
19007443,中古マンション等,,19201,山梨県,甲府市,川田町,石和温泉,9,１ＤＫ,25,,,,1994年,ＲＣ,住宅,,,,,調整区域,60.0,200.0,2008年第3四半期,未改装,,6.568201724066995
19001387,中古マンション等,,19201,山梨県,甲府市,高畑,甲府,28,３ＬＤＫ,100,,,,2006年,ＲＣ,住宅,,,,,１種住居,60.0,200.0,2023年第2四半期,,,7.361727836017593
19000137,中古マンション等,,19201,山梨県,甲府市,朝日,甲府,6,１Ｋ,15,,,,,,,住宅,,,,,,,2021年第3四半期,未改装,,6.2552725051033065
19002007,中古マンション等,,19201,山梨県,甲府市,丸の内,甲府,7,２ＬＤＫ,70,,,,2006年,ＲＣ,住宅,住宅,,,,商業,80.0,600.0,2022年第4四半期,改装済み,,7.380211241711606
19004701,中古マンション等,,19201,山梨県,甲府市,中央,甲府,16,１Ｋ,20,,,,1993年,ＳＲＣ,住宅,,,,,商業,80.0,600.0,2011年第4四半期,未改装,,6.4623979978989565
19005518,中古マンション等,,19201,山梨県,甲府市,川田町,石和温泉,10,１Ｋ,25,,,,1994年,ＲＣ,住宅,住宅,,,,調整区域,70.0,400.0,2016年第3四半期,未改装,,6.278753600952829
19007442,中古マンション等,,19201,山梨県,甲府市,川田町,石和温泉,17,１Ｋ,25,,,,1994年,ＲＣ,住宅,,,,,調整区域,70.0,400.0,2008年第4四半期,未改装,,6.3979400086720375
19002758,中古マンション等,,19201,山梨県,甲府市,中央,甲府,16,１Ｋ,20,,,,1993年,ＳＲＣ,,住宅,,,,商業,80.0,600.0,2018年第3四半期,未改装,,6.431363764158987
19005764,中古マンション等,,19201,山梨県,甲府市,丸の内,甲府,9,１Ｋ,15,,,,1988年,ＳＲＣ,住宅,その他,,,,商業,80.0,400.0,2016年第2四半期,未改装,,6.146128035678238
19005765,中古マンション等,,19201,山梨県,甲府市,丸の内,甲府,10,３ＬＤＫ,70,,,,2007年,ＲＣ,住宅,住宅,,,,商業,80.0,400.0,2016年第2四半期,未改装,,7.3979400086720375
19007000,中古マンション等,,19201,山梨県,甲府市,酒折,酒折,10,３ＬＤＫ,65,,,,1993年,ＲＣ,住宅,,,,,調整区域,60.0,200.0,2009年第3四半期,未改装,,6.623249290397901
19003016,中古マンション等,,19201,山梨県,甲府市,北口,甲府,3,１Ｋ,25,,,,1987年,ＳＲＣ,住宅,,,,,商業,80.0,600.0,2017年第3四半期,未改装,,6.6127838567197355
19003319,中古マンション等,,19201,山梨県,甲府市,徳行,甲府,30分～60分,４ＬＤＫ,80,,,,2007年,ＲＣ,住宅,住宅,,,,準工業,60.0,200.0,2017年第3四半期,未改装,,7.278753600952829
19004320,中古マンション等,,19201,山梨県,甲府市,丸の内,甲府,10,１ＤＫ,30,,,,1988年,ＳＲＣ,住宅,,,,,商業,80.0,400.0,2010年第1四半期,,,6.380211241711606
19001552,中古マンション等,,19201,山梨県,甲府市,中央,金手,6,２ＤＫ,30,,,,1993年,鉄骨造,住宅,住宅,,,,商業,80.0,400.0,2019年第4四半期,改装済み,,6.681241237375588
19007171,中古マンション等,,19201,山梨県,甲府市,丸の内,甲府,10,１ＤＫ,15,,,,1988年,ＳＲＣ,住宅,,,,,商業,80.0,400.0,2009年第3四半期,未改装,,6.278753600952829
19001055,中古マンション等,,19201,山梨県,甲府市,塩部,甲府,19,３ＬＤＫ,70,,,,2009年,ＲＣ,住宅,住宅,,,,準住居,60.0,200.0,2021年第1四半期,改装済み,,7.342422680822207
19004601,中古マンション等,,19201,山梨県,甲府市,里吉,南甲府,15,３ＬＤＫ,60,,,,1996年,ＲＣ,住宅,,,,,２中住専,60.0,200.0,2011年第1四半期,改装済み,,7.041392685158225
19004426,中古マンション等,,19201,山梨県,甲府市,伊勢,甲府,30分～60分,３ＬＤＫ,65,,,,1990年,ＲＣ,住宅,,,,,１種住居,60.0,200.0,2011年第1四半期,改装済み,,6.698970004336019
19001248,中古マンション等,,19201,山梨県,甲府市,城東,善光寺,5,３ＬＤＫ,65,,,,1991年,ＲＣ,,住宅,,,,準工業,60.0,200.0,2019年第3四半期,未改装,,6.845098040014257
19000731,中古マンション等,,19201,山梨県,甲府市,北口,甲府,2,１Ｋ,25,,,,1986年,ＳＲＣ,住宅,住宅,,,,商業,80.0,600.0,2022年第1四半期,未改装,,6.342422680822207
19005692,中古マンション等,,19201,山梨県,甲府市,中央,甲府,18,１Ｋ,20,,,,1993年,ＳＲＣ,住宅,住宅,,,,商業,80.0,600.0,2016年第3四半期,未改装,,6.278753600952829
19007444,中古マンション等,,19201,山梨県,甲府市,川田町,石和温泉,10,２ＤＫ,40,,,,1994年,ＲＣ,住宅,,,,,調整区域,60.0,200.0,2008年第3四半期,未改装,関係者間取引,6.301029995663981
19007824,中古マンション等,,19201,山梨県,甲府市,丸の内,甲府,7,２Ｋ,30,,,,1988年,ＳＲＣ,住宅,,,,,商業,80.0,400.0,2007年第3四半期,未改装,,6.623249290397901
19001762,中古マンション等,,19201,山梨県,甲府市,富竹,甲府,30分～60分,３ＬＤＫ,75,,,,2007年,ＲＣ,住宅,住宅,,,,準工業,60.0,200.0,2021年第4四半期,未改装,,7.2552725051033065
19005911,中古マンション等,,19201,山梨県,甲府市,大里町,国母,30分～60分,３ＬＤＫ,65,,,,1994年,ＲＣ,住宅,,,,,２中住専,60.0,200.0,2012年第4四半期,改装済み,,6.949390006644912
19005116,中古マンション等,,19201,山梨県,甲府市,城東,善光寺,6,３ＬＤＫ,55,,,,1991年,ＲＣ,住宅,住宅,,,,準工業,60.0,200.0,2015年第3四半期,改装済み,,6.913813852383717
19007813,中古マンション等,,19201,山梨県,甲府市,丸の内,甲府,9,１Ｋ,15,,,,1988年,ＳＲＣ,住宅,,,,,商業,80.0,400.0,2008年第4四半期,改装済み,,6.301029995663981
19003650,中古マンション等,,19201,山梨県,甲府市,城東,善光寺,6,３ＬＤＫ,55,,,,1991年,ＲＣ,住宅,住宅,,,,準工業,60.0,200.0,2014年第3四半期,,,6.799340549453582
19004291,中古マンション等,,19201,山梨県,甲府市,丸の内,甲府,8,２ＬＤＫ,60,,,,2010年,ＲＣ,住宅,,,,,商業,80.0,600.0,2010年第3四半期,未改装,,7.301029995663981
19006584,中古マンション等,,19201,山梨県,甲府市,城東,善光寺,5,２ＬＤＫ,50,,,,1991年,ＲＣ,住宅,,,,,準工業,60.0,200.0,2013年第2四半期,未改装,,6.732393759822968
19004874,中古マンション等,,19201,山梨県,甲府市,朝日,甲府,9,３ＬＤＫ,70,,,,2003年,ＳＲＣ,住宅,住宅,,,,商業,80.0,400.0,2015年第1四半期,未改装,,7.342422680822207
19000729,中古マンション等,,19201,山梨県,甲府市,北口,甲府,2,１Ｋ,25,,,,1986年,ＳＲＣ,住宅,住宅,,,,商業,80.0,600.0,2022年第1四半期,未改装,,6.3222192947339195
19006581,中古マンション等,,19201,山梨県,甲府市,城東,善光寺,5,２ＤＫ,40,,,,1991年,ＲＣ,住宅,,,,,準工業,60.0,200.0,2013年第3四半期,未改装,,6.763427993562937
19003141,中古マンション等,,19201,山梨県,甲府市,青沼,南甲府,14,４ＬＤＫ,85,,,,2006年,ＲＣ,住宅,その他,,,,１種住居,60.0,200.0,2014年第2四半期,,,7.3222192947339195
19000032,中古マンション等,,19201,山梨県,甲府市,相生,甲府,15,３ＬＤＫ,75,,,,2019年,ＲＣ,住宅,住宅,,,,商業,80.0,400.0,2020年第4四半期,未改装,,7.544068044350276
19004173,中古マンション等,,19201,山梨県,甲府市,中央,金手,6,２ＤＫ,45,,,,1975年,ＲＣ,住宅,,,,,商業,80.0,400.0,2010年第3四半期,改装済み,,6.477121254719663
19007822,中古マンション等,,19201,山梨県,甲府市,丸の内,甲府,8,１Ｋ,15,,,,1988年,ＳＲＣ,住宅,,,,,商業,80.0,400.0,2008年第1四半期,,,6.3979400086720375
19002023,中古マンション等,,19201,山梨県,甲府市,丸の内,甲府,4,３ＬＤＫ,80,,,,2007年,ＲＣ,住宅,住宅,,,,商業,80.0,600.0,2022年第1四半期,改装済み,,7.477121254719663
19006934,中古マンション等,,19201,山梨県,甲府市,川田町,石和温泉,10,３ＬＤＫ,50,,,,1994年,ＲＣ,住宅,,,,,調整区域,60.0,200.0,2009年第3四半期,改装済み,,6.826074802700826
19006009,中古マンション等,,19201,山梨県,甲府市,国母,国母,6,３ＬＤＫ,70,,,,2000年,ＲＣ,住宅,,,,,１種住居,60.0,200.0,2012年第3四半期,未改装,,6.954242509439325
19007452,中古マンション等,,19201,山梨県,甲府市,川田町,石和温泉,10,１Ｋ,25,,,,1994年,ＲＣ,住宅,,,,,調整区域,60.0,200.0,2007年第3四半期,未改装,,6.531478917042255
